Id,Label,timeset,Degree,Weighted Degree,Eccentricity,closnesscentrality,harmonicclosnesscentrality,betweenesscentrality,modularity_class,Authority,Hub,componentnumber,pageranks,clustering,triangles,eigencentrality,value
Veillonella_dispar,Veillonella,,84,166.980001,2,0.664062,0.747059,0,0,0.047648,0.047648,0,0.001137,1,3486,0.446399,956.330017
Veillonella_atypica,Veillonella,,84,166.980001,2,0.664062,0.747059,0,0,0.047648,0.047648,0,0.001137,1,3486,0.446399,956.330017
Eubacterium_sulci,Eubacterium,,84,166.980001,2,0.664062,0.747059,0,0,0.047648,0.047648,0,0.001137,1,3486,0.446399,1679.040039
Fusobacterium_periodonticum,Fusobacterium,,84,166.980001,2,0.664062,0.747059,0,0,0.047648,0.047648,0,0.001137,1,3486,0.446399,3.2
Pseudoleptotrichia_goodfellowii,Pseudoleptotrichia,,84,166.980001,2,0.664062,0.747059,0,0,0.047648,0.047648,0,0.001137,1,3486,0.446399,1.16
Leptotrichia_hongkongensis,Leptotrichia,,84,166.980001,2,0.664062,0.747059,0,0,0.047648,0.047648,0,0.001137,1,3486,0.446399,11.03
Actinomyces_radicidentis,Actinomyces,,84,166.980001,2,0.664062,0.747059,0,0,0.047648,0.047648,0,0.001137,1,3486,0.446399,124.010002
Megasphaera_stantonii,Megasphaera,,84,166.980001,2,0.664062,0.747059,0,0,0.047648,0.047648,0,0.001137,1,3486,0.446399,1.41
Barnesiella_viscericola,Barnesiella,,84,166.980001,2,0.664062,0.747059,0,0,0.047648,0.047648,0,0.001137,1,3486,0.446399,1.32
Actinomyces_howellii,Actinomyces,,84,166.980001,2,0.664062,0.747059,0,0,0.047648,0.047648,0,0.001137,1,3486,0.446399,124.010002
Sebaldella_termitidis,Sebaldella,,84,166.980001,2,0.664062,0.747059,0,0,0.047648,0.047648,0,0.001137,1,3486,0.446399,0.23
Paraprevotella_xylaniphila,Paraprevotella,,84,166.980001,2,0.664062,0.747059,0,0,0.047648,0.047648,0,0.001137,1,3486,0.446399,0.84
Alistipes_megaguti,Alistipes,,84,166.980001,2,0.664062,0.747059,0,0,0.047648,0.047648,0,0.001137,1,3486,0.446399,1.38
Jeotgalibaca_porci,Jeotgalibaca,,84,166.980001,2,0.664062,0.747059,0,0,0.047648,0.047648,0,0.001137,1,3486,0.446399,0.39
Bacteroides_helcogenes,Bacteroides,,84,166.980001,2,0.664062,0.747059,0,0,0.047648,0.047648,0,0.001137,1,3486,0.446399,12.28
Enterococcus_cecorum,Enterococcus,,84,166.980001,2,0.664062,0.747059,0,0,0.047648,0.047648,0,0.001137,1,3486,0.446399,0.81
Mobiluncus_curtisii,Mobiluncus,,84,166.980001,2,0.664062,0.747059,0,0,0.047648,0.047648,0,0.001137,1,3486,0.446399,0.81
Eikenella_exigua,Eikenella,,170,330.760009,1,1,1,0.001141,1,0.114765,0.114765,0,0.002037,0.592899,8517,1,0.13
Selenomonas_ruminantium,Selenomonas,,84,166.980001,2,0.664062,0.747059,0,0,0.047648,0.047648,0,0.001137,1,3486,0.446399,35.189999
Aerococcus_christensenii,Aerococcus,,84,166.980001,2,0.664062,0.747059,0,0,0.047648,0.047648,0,0.001137,1,3486,0.446399,0.66
Phocaeicola_salanitronis,Phocaeicola,,84,166.980001,2,0.664062,0.747059,0,0,0.047648,0.047648,0,0.001137,1,3486,0.446399,0.5
Alistipes_indistinctus,Alistipes,,84,166.980001,2,0.664062,0.747059,0,0,0.047648,0.047648,0,0.001137,1,3486,0.446399,1.38
Flaviflexus_salsibiostraticola,Flaviflexus,,84,166.980001,2,0.664062,0.747059,0,0,0.047648,0.047648,0,0.001137,1,3486,0.446399,0.15
Anaerotignum_propionicum,Anaerotignum,,84,166.980001,2,0.664062,0.747059,0,0,0.047648,0.047648,0,0.001137,1,3486,0.446399,0.6
Paludibacter_propionicigenes,Paludibacter,,84,166.980001,2,0.664062,0.747059,0,0,0.047648,0.047648,0,0.001137,1,3486,0.446399,0.34
Megamonas_hypermegale,Megamonas,,84,166.980001,2,0.664062,0.747059,0,0,0.047648,0.047648,0,0.001137,1,3486,0.446399,0.57
Jeotgalibaca_ciconiae,Jeotgalibaca,,84,166.980001,2,0.664062,0.747059,0,0,0.047648,0.047648,0,0.001137,1,3486,0.446399,0.39
Fusobacterium_mortiferum,Fusobacterium,,84,166.980001,2,0.664062,0.747059,0,0,0.047648,0.047648,0,0.001137,1,3486,0.446399,3.2
Herbinix_luporum,Herbinix,,84,166.980001,2,0.664062,0.747059,0,0,0.047648,0.047648,0,0.001137,1,3486,0.446399,0.54
Corynebacterium_phocae,Corynebacterium,,84,166.980001,2,0.664062,0.747059,0,0,0.047648,0.047648,0,0.001137,1,3486,0.446399,13.72
Lactobacillus_agilis,Lactobacillus,,84,166.980001,2,0.664062,0.747059,0,0,0.047648,0.047648,0,0.001137,1,3486,0.446399,2.19
Draconibacterium_orientale,Draconibacterium,,84,166.980001,2,0.664062,0.747059,0,0,0.047648,0.047648,0,0.001137,1,3486,0.446399,0.23
Corynebacterium_uterequi,Corynebacterium,,84,166.980001,2,0.664062,0.747059,0,0,0.047648,0.047648,0,0.001137,1,3486,0.446399,13.72
Hymenobacter_nivis,Hymenobacter,,84,166.980001,2,0.664062,0.747059,0,0,0.047648,0.047648,0,0.001137,1,3486,0.446399,0.32
Clostridium_taeniosporum,Clostridium,,84,166.980001,2,0.664062,0.747059,0,0,0.047648,0.047648,0,0.001137,1,3486,0.446399,1.75
Lactobacillus_oligofermentans,Lactobacillus,,84,166.980001,2,0.664062,0.747059,0,0,0.047648,0.047648,0,0.001137,1,3486,0.446399,2.19
Hungatella_hathewayi,Hungatella,,84,166.980001,2,0.664062,0.747059,0,0,0.047648,0.047648,0,0.001137,1,3486,0.446399,0.26
Clostridiaceae_bacterium,Clostridiaceae,,84,166.980001,2,0.664062,0.747059,0,0,0.047648,0.047648,0,0.001137,1,3486,0.446399,0.16
Bacillus_lentus,Bacillus,,84,166.980001,2,0.664062,0.747059,0,0,0.047648,0.047648,0,0.001137,1,3486,0.446399,0.52
Algibacter_alginicilyticus,Algibacter,,84,166.980001,2,0.664062,0.747059,0,0,0.047648,0.047648,0,0.001137,1,3486,0.446399,0.08
Ornithinimicrobium_flavum,Ornithinimicrobium,,84,166.980001,2,0.664062,0.747059,0,0,0.047648,0.047648,0,0.001137,1,3486,0.446399,0.27
Formosa_sediminum,Formosa,,84,166.980001,2,0.664062,0.747059,0,0,0.047648,0.047648,0,0.001137,1,3486,0.446399,0.07
Lactobacillus_dextrinicus,Lactobacillus,,84,166.980001,2,0.664062,0.747059,0,0,0.047648,0.047648,0,0.001137,1,3486,0.446399,2.19
Paenibacillus_lentus,Paenibacillus,,84,166.980001,2,0.664062,0.747059,0,0,0.047648,0.047648,0,0.001137,1,3486,0.446399,0.44
Conchiformibius_steedae,Conchiformibius,,170,330.760009,1,1,1,0.001141,1,0.114765,0.114765,0,0.002037,0.592899,8517,1,0.03
Flavobacterium_sangjuense,Flavobacterium,,84,166.980001,2,0.664062,0.747059,0,0,0.047648,0.047648,0,0.001137,1,3486,0.446399,0.6
Corynebacterium_atypicum,Corynebacterium,,84,166.980001,2,0.664062,0.747059,0,0,0.047648,0.047648,0,0.001137,1,3486,0.446399,13.72
Tenuifilum_thalassicum,Tenuifilum,,84,166.980001,2,0.664062,0.747059,0,0,0.047648,0.047648,0,0.001137,1,3486,0.446399,0.15
Allopseudarcicella_aquatilis,Allopseudarcicella,,84,166.980001,2,0.664062,0.747059,0,0,0.047648,0.047648,0,0.001137,1,3486,0.446399,0.06
Corynebacterium_callunae,Corynebacterium,,170,330.760009,1,1,1,0.001141,1,0.114765,0.114765,0,0.002037,0.592899,8517,1,13.72
Paenisporosarcina_antarctica,Paenisporosarcina,,170,330.760009,1,1,1,0.001141,1,0.114765,0.114765,0,0.002037,0.592899,8517,1,0.02
Tumebacillus_avium,Tumebacillus,,170,330.760009,1,1,1,0.001141,1,0.114765,0.114765,0,0.002037,0.592899,8517,1,0.17
Lactobacillus_crustorum,Lactobacillus,,170,330.760009,1,1,1,0.001141,1,0.114765,0.114765,0,0.002037,0.592899,8517,1,2.19
Alkalitalea_saponilacus,Alkalitalea,,84,166.980001,2,0.664062,0.747059,0,0,0.047648,0.047648,0,0.001137,1,3486,0.446399,0.2
Cryobacterium_soli,Cryobacterium,,84,166.980001,2,0.664062,0.747059,0,0,0.047648,0.047648,0,0.001137,1,3486,0.446399,0.03
Syntrophus_aciditrophicus,Syntrophus,,84,166.980001,2,0.664062,0.747059,0,0,0.047648,0.047648,0,0.001137,1,3486,0.446399,0.06
Paenibacillus_protaetiae,Paenibacillus,,84,166.980001,2,0.664062,0.747059,0,0,0.047648,0.047648,0,0.001137,1,3486,0.446399,0.44
Corynebacterium_doosanense,Corynebacterium,,170,330.760009,1,1,1,0.001141,1,0.114765,0.114765,0,0.002037,0.592899,8517,1,13.72
Alysiella_filiformis,Alysiella,,170,330.760009,1,1,1,0.001141,1,0.114765,0.114765,0,0.002037,0.592899,8517,1,0.03
Sporosarcina_psychrophila,Sporosarcina,,170,330.760009,1,1,1,0.001141,1,0.114765,0.114765,0,0.002037,0.592899,8517,1,0.01
Corynebacterium_crudilactis,Corynebacterium,,170,330.760009,1,1,1,0.001141,1,0.114765,0.114765,0,0.002037,0.592899,8517,1,13.72
Algoriphagus_sanaruensis,Algoriphagus,,84,166.980001,2,0.664062,0.747059,0,0,0.047648,0.047648,0,0.001137,1,3486,0.446399,0.05
Saccharomonospora_viridis,Saccharomonospora,,84,166.980001,2,0.664062,0.747059,0,0,0.047648,0.047648,0,0.001137,1,3486,0.446399,0.02
Pontimonas_salivibrio,Pontimonas,,170,330.760009,1,1,1,0.001141,1,0.114765,0.114765,0,0.002037,0.592899,8517,1,0.04
Chryseobacterium_antarcticum,Chryseobacterium,,170,330.760009,1,1,1,0.001141,1,0.114765,0.114765,0,0.002037,0.592899,8517,1,0.38
Acholeplasma_brassicae,Acholeplasma,,84,166.980001,2,0.664062,0.747059,0,0,0.047648,0.047648,0,0.001137,1,3486,0.446399,0.83
Nocardioides_baekrokdamisoli,Nocardioides,,84,166.980001,2,0.664062,0.747059,0,0,0.047648,0.047648,0,0.001137,1,3486,0.446399,0.11
Paenibacillus_xylanilyticus,Paenibacillus,,84,166.980001,2,0.664062,0.747059,0,0,0.047648,0.047648,0,0.001137,1,3486,0.446399,0.44
Thermoplasmatales_archaeon,Thermoplasmatales,,84,166.980001,2,0.664062,0.747059,0,0,0.047648,0.047648,0,0.001137,1,3486,0.446399,0.05
Guyparkeria_halophila,Guyparkeria,,84,166.980001,2,0.664062,0.747059,0,0,0.047648,0.047648,0,0.001137,1,3486,0.446399,0.03
Allochromatium_vinosum,Allochromatium,,170,330.760009,1,1,1,0.001141,1,0.114765,0.114765,0,0.002037,0.592899,8517,1,0.04
Metabacillus_litoralis,Metabacillus,,84,166.980001,2,0.664062,0.747059,0,0,0.047648,0.047648,0,0.001137,1,3486,0.446399,0.06
Panacibacter_ginsenosidivorans,Panacibacter,,84,166.980001,2,0.664062,0.747059,0,0,0.047648,0.047648,0,0.001137,1,3486,0.446399,0.08
Staphylococcus_cohnii,Staphylococcus,,84,166.980001,2,0.664062,0.747059,0,0,0.047648,0.047648,0,0.001137,1,3486,0.446399,0.79
Methylomusa_anaerophila,Methylomusa,,84,166.980001,2,0.664062,0.747059,0,0,0.047648,0.047648,0,0.001137,1,3486,0.446399,0.08
Staphylococcus_schweitzeri,Staphylococcus,,84,166.980001,2,0.664062,0.747059,0,0,0.047648,0.047648,0,0.001137,1,3486,0.446399,0.79
Corynebacterium_glaucum,Corynebacterium,,84,166.980001,2,0.664062,0.747059,0,0,0.047648,0.047648,0,0.001137,1,3486,0.446399,13.72
Flavobacterium_johnsoniae,Flavobacterium,,84,166.980001,2,0.664062,0.747059,0,0,0.047648,0.047648,0,0.001137,1,3486,0.446399,0.6
Mariniblastus_fucicola,Mariniblastus,,170,330.760009,1,1,1,0.001141,1,0.114765,0.114765,0,0.002037,0.592899,8517,1,0.02
Akkermansia_glycaniphila,Akkermansia,,84,166.980001,2,0.664062,0.747059,0,0,0.047648,0.047648,0,0.001137,1,3486,0.446399,0.06
Paenibacillus_lutimineralis,Paenibacillus,,84,166.980001,2,0.664062,0.747059,0,0,0.047648,0.047648,0,0.001137,1,3486,0.446399,0.44
Otariodibacter_oris,Otariodibacter,,170,330.760009,1,1,1,0.001141,1,0.114765,0.114765,0,0.002037,0.592899,8517,1,0.03
Bernardetia_litoralis,Bernardetia,,84,166.980001,2,0.664062,0.747059,0,0,0.047648,0.047648,0,0.001137,1,3486,0.446399,0.03
Chryseobacterium_arthrosphaerae,Chryseobacterium,,170,330.760009,1,1,1,0.001141,1,0.114765,0.114765,0,0.002037,0.592899,8517,1,0.38
Mycolicibacterium_aichiense,Mycolicibacterium,,170,330.760009,1,1,1,0.001141,1,0.114765,0.114765,0,0.002037,0.592899,8517,1,0.12
Gemella_sanguinis,Gemella,,102,202.980001,2,0.714286,0.8,0,1,0.085025,0.085025,0,0.001254,1,5151,0.710065,355.179993
Capnocytophaga_gingivalis,Capnocytophaga,,102,202.980001,2,0.714286,0.8,0,1,0.085025,0.085025,0,0.001254,1,5151,0.710065,9.13
Abiotrophia_defectiva,Abiotrophia,,102,202.980001,2,0.714286,0.8,0,1,0.085025,0.085025,0,0.001254,1,5151,0.710065,4.52
Capnocytophaga_leadbetteri,Capnocytophaga,,102,202.980001,2,0.714286,0.8,0,1,0.085025,0.085025,0,0.001254,1,5151,0.710065,9.13
Leptotrichia_hofstadii,Leptotrichia,,102,202.980001,2,0.714286,0.8,0,1,0.085025,0.085025,0,0.001254,1,5151,0.710065,11.03
Neisseria_sicca,Neisseria,,102,202.980001,2,0.714286,0.8,0,1,0.085025,0.085025,0,0.001254,1,5151,0.710065,4.09
Leptotrichia_buccalis,Leptotrichia,,102,202.980001,2,0.714286,0.8,0,1,0.085025,0.085025,0,0.001254,1,5151,0.710065,11.03
Veillonella_rodentium,Veillonella,,102,202.980001,2,0.714286,0.8,0,1,0.085025,0.085025,0,0.001254,1,5151,0.710065,956.330017
Neisseria_cinerea,Neisseria,,102,202.980001,2,0.714286,0.8,0,1,0.085025,0.085025,0,0.001254,1,5151,0.710065,4.09
Actinomyces_oris,Actinomyces,,102,202.980001,2,0.714286,0.8,0,1,0.085025,0.085025,0,0.001254,1,5151,0.710065,124.010002
Actinomyces_naeslundii,Actinomyces,,102,202.980001,2,0.714286,0.8,0,1,0.085025,0.085025,0,0.001254,1,5151,0.710065,124.010002
Neisseria_bacilliformis,Neisseria,,102,202.980001,2,0.714286,0.8,0,1,0.085025,0.085025,0,0.001254,1,5151,0.710065,4.09
Prevotella_ruminicola,Prevotella,,102,202.980001,2,0.714286,0.8,0,1,0.085025,0.085025,0,0.001254,1,5151,0.710065,1637.869995
Muribaculaceae_bacterium,Muribaculaceae,,102,202.980001,2,0.714286,0.8,0,1,0.085025,0.085025,0,0.001254,1,5151,0.710065,1.08
Streptococcus_macedonicus,Streptococcus,,102,202.980001,2,0.714286,0.8,0,1,0.085025,0.085025,0,0.001254,1,5151,0.710065,548
Jeotgalibaca_arthritidis,Jeotgalibaca,,102,202.980001,2,0.714286,0.8,0,1,0.085025,0.085025,0,0.001254,1,5151,0.710065,0.39
Carnobacterium_divergens,Carnobacterium,,102,202.980001,2,0.714286,0.8,0,1,0.085025,0.085025,0,0.001254,1,5151,0.710065,0.5
Enterococcus_thailandicus,Enterococcus,,102,202.980001,2,0.714286,0.8,0,1,0.085025,0.085025,0,0.001254,1,5151,0.710065,0.81
Streptococcus_acidominimus,Streptococcus,,102,202.980001,2,0.714286,0.8,0,1,0.085025,0.085025,0,0.001254,1,5151,0.710065,548
Bergeyella_cardium,Bergeyella,,102,202.980001,2,0.714286,0.8,0,1,0.085025,0.085025,0,0.001254,1,5151,0.710065,0.2
Ezakiella_massiliensis,Ezakiella,,102,202.980001,2,0.714286,0.8,0,1,0.085025,0.085025,0,0.001254,1,5151,0.710065,0.76
Streptococcus_ruminantium,Streptococcus,,102,202.980001,2,0.714286,0.8,0,1,0.085025,0.085025,0,0.001254,1,5151,0.710065,548
Corynebacterium_testudinoris,Corynebacterium,,102,202.980001,2,0.714286,0.8,0,1,0.085025,0.085025,0,0.001254,1,5151,0.710065,13.72
Actinotignum_schaalii,Actinotignum,,102,202.980001,2,0.714286,0.8,0,1,0.085025,0.085025,0,0.001254,1,5151,0.710065,0.34
Enterococcus_saigonensis,Enterococcus,,102,202.980001,2,0.714286,0.8,0,1,0.085025,0.085025,0,0.001254,1,5151,0.710065,0.81
Anaerococcus_prevotii,Anaerococcus,,102,202.980001,2,0.714286,0.8,0,1,0.085025,0.085025,0,0.001254,1,5151,0.710065,1.08
Anaerobutyricum_hallii,Anaerobutyricum,,102,202.980001,2,0.714286,0.8,0,1,0.085025,0.085025,0,0.001254,1,5151,0.710065,0.62
Bacteroides_cellulosilyticus,Bacteroides,,102,202.980001,2,0.714286,0.8,0,1,0.085025,0.085025,0,0.001254,1,5151,0.710065,12.28
Fastidiosipila_sanguinis,Fastidiosipila,,102,202.980001,2,0.714286,0.8,0,1,0.085025,0.085025,0,0.001254,1,5151,0.710065,0.45
Bacteroides_intestinalis,Bacteroides,,102,202.980001,2,0.714286,0.8,0,1,0.085025,0.085025,0,0.001254,1,5151,0.710065,12.28
Acidaminococcus_intestini,Acidaminococcus,,102,202.980001,2,0.714286,0.8,0,1,0.085025,0.085025,0,0.001254,1,5151,0.710065,0.51
Corynebacterium_casei,Corynebacterium,,102,202.980001,2,0.714286,0.8,0,1,0.085025,0.085025,0,0.001254,1,5151,0.710065,13.72
Proteiniphilum_saccharofermentans,Proteiniphilum,,102,202.980001,2,0.714286,0.8,0,1,0.085025,0.085025,0,0.001254,1,5151,0.710065,0.3
Suicoccus_acidiformans,Suicoccus,,102,202.980001,2,0.714286,0.8,0,1,0.085025,0.085025,0,0.001254,1,5151,0.710065,0.39
Roseburia_intestinalis,Roseburia,,102,202.980001,2,0.714286,0.8,0,1,0.085025,0.085025,0,0.001254,1,5151,0.710065,0.37
Cellulosilyticum_lentocellum,Cellulosilyticum,,102,202.980001,2,0.714286,0.8,0,1,0.085025,0.085025,0,0.001254,1,5151,0.710065,0.21
Alkaliphilus_oremlandii,Alkaliphilus,,102,202.980001,2,0.714286,0.8,0,1,0.085025,0.085025,0,0.001254,1,5151,0.710065,0.45
Mucinivorans_hirudinis,Mucinivorans,,102,202.980001,2,0.714286,0.8,0,1,0.085025,0.085025,0,0.001254,1,5151,0.710065,0.3
Porphyromonadaceae_bacterium,Porphyromonadaceae,,102,202.980001,2,0.714286,0.8,0,1,0.085025,0.085025,0,0.001254,1,5151,0.710065,0.5
Mycoplasma_edwardii,Mycoplasma,,102,202.980001,2,0.714286,0.8,0,1,0.085025,0.085025,0,0.001254,1,5151,0.710065,10.28
Luteimicrobium_xylanilyticum,Luteimicrobium,,102,202.980001,2,0.714286,0.8,0,1,0.085025,0.085025,0,0.001254,1,5151,0.710065,0.05
Glutamicibacter_arilaitensis,Glutamicibacter,,102,202.980001,2,0.714286,0.8,0,1,0.085025,0.085025,0,0.001254,1,5151,0.710065,0.19
Hungateiclostridium_clariflavum,Hungateiclostridium,,102,202.980001,2,0.714286,0.8,0,1,0.085025,0.085025,0,0.001254,1,5151,0.710065,0.48
Kocuria_varians,Kocuria,,102,202.980001,2,0.714286,0.8,0,1,0.085025,0.085025,0,0.001254,1,5151,0.710065,0.53
Acetobacter_persici,Acetobacter,,102,202.980001,2,0.714286,0.8,0,1,0.085025,0.085025,0,0.001254,1,5151,0.710065,0.02
Listeria_weihenstephanensis,Listeria,,102,202.980001,2,0.714286,0.8,0,1,0.085025,0.085025,0,0.001254,1,5151,0.710065,0.06
Meiothermus_silvanus,Meiothermus,,102,202.980001,2,0.714286,0.8,0,1,0.085025,0.085025,0,0.001254,1,5151,0.710065,0.04
Kytococcus_sedentarius,Kytococcus,,102,202.980001,2,0.714286,0.8,0,1,0.085025,0.085025,0,0.001254,1,5151,0.710065,0.1
Austwickia_chelonae,Austwickia,,102,202.980001,2,0.714286,0.8,0,1,0.085025,0.085025,0,0.001254,1,5151,0.710065,0.06
Janibacter_indicus,Janibacter,,102,202.980001,2,0.714286,0.8,0,1,0.085025,0.085025,0,0.001254,1,5151,0.710065,0.22
Corynebacterium_geronticis,Corynebacterium,,102,202.980001,2,0.714286,0.8,0,1,0.085025,0.085025,0,0.001254,1,5151,0.710065,13.72
Ruthenibacterium_lactatiformans,Ruthenibacterium,,102,202.980001,2,0.714286,0.8,0,1,0.085025,0.085025,0,0.001254,1,5151,0.710065,0.3
Listeria_grayi,Listeria,,102,202.980001,2,0.714286,0.8,0,1,0.085025,0.085025,0,0.001254,1,5151,0.710065,0.06
Hymenobacter_oligotrophus,Hymenobacter,,102,202.980001,2,0.714286,0.8,0,1,0.085025,0.085025,0,0.001254,1,5151,0.710065,0.32
Brachybacterium_ginsengisoli,Brachybacterium,,102,202.980001,2,0.714286,0.8,0,1,0.085025,0.085025,0,0.001254,1,5151,0.710065,0.29
Rodentibacter_pneumotropicus,Rodentibacter,,102,202.980001,2,0.714286,0.8,0,1,0.085025,0.085025,0,0.001254,1,5151,0.710065,0.2
Tenacibaculum_todarodis,Tenacibaculum,,102,202.980001,2,0.714286,0.8,0,1,0.085025,0.085025,0,0.001254,1,5151,0.710065,0.22
Sporomusa_termitida,Sporomusa,,102,202.980001,2,0.714286,0.8,0,1,0.085025,0.085025,0,0.001254,1,5151,0.710065,0.23
Microbacterium_lemovicicum,Microbacterium,,102,202.980001,2,0.714286,0.8,0,1,0.085025,0.085025,0,0.001254,1,5151,0.710065,0.74
Bacillus_weihaiensis,Bacillus,,102,202.980001,2,0.714286,0.8,0,1,0.085025,0.085025,0,0.001254,1,5151,0.710065,0.52
Solitalea_canadensis,Solitalea,,102,202.980001,2,0.714286,0.8,0,1,0.085025,0.085025,0,0.001254,1,5151,0.710065,0.06
Staphylococcus_stepanovicii,Staphylococcus,,102,202.980001,2,0.714286,0.8,0,1,0.085025,0.085025,0,0.001254,1,5151,0.710065,0.79
Sulfurospirillum_barnesii,Sulfurospirillum,,102,202.980001,2,0.714286,0.8,0,1,0.085025,0.085025,0,0.001254,1,5151,0.710065,0.11
Tenacibaculum_dicentrarchi,Tenacibaculum,,102,202.980001,2,0.714286,0.8,0,1,0.085025,0.085025,0,0.001254,1,5151,0.710065,0.22
Paenarthrobacter_ureafaciens,Paenarthrobacter,,102,202.980001,2,0.714286,0.8,0,1,0.085025,0.085025,0,0.001254,1,5151,0.710065,0.06
Ichthyobacterium_seriolicida,Ichthyobacterium,,102,202.980001,2,0.714286,0.8,0,1,0.085025,0.085025,0,0.001254,1,5151,0.710065,0.1
Thermosulfuriphilus_ammonigenes,Thermosulfuriphilus,,102,202.980001,2,0.714286,0.8,0,1,0.085025,0.085025,0,0.001254,1,5151,0.710065,0.06
Pseudobacter_ginsenosidimutans,Pseudobacter,,102,202.980001,2,0.714286,0.8,0,1,0.085025,0.085025,0,0.001254,1,5151,0.710065,0.03
Helicobacter_apodemus,Helicobacter,,102,202.980001,2,0.714286,0.8,0,1,0.085025,0.085025,0,0.001254,1,5151,0.710065,0.11
Paenibacillus_borealis,Paenibacillus,,102,202.980001,2,0.714286,0.8,0,1,0.085025,0.085025,0,0.001254,1,5151,0.710065,0.44
Ignavibacterium_album,Ignavibacterium,,102,202.980001,2,0.714286,0.8,0,1,0.085025,0.085025,0,0.001254,1,5151,0.710065,0.02
Spirosoma_radiotolerans,Spirosoma,,102,202.980001,2,0.714286,0.8,0,1,0.085025,0.085025,0,0.001254,1,5151,0.710065,0.09
Tenacibaculum_jejuense,Tenacibaculum,,102,202.980001,2,0.714286,0.8,0,1,0.085025,0.085025,0,0.001254,1,5151,0.710065,0.22
Pedobacter_roseus,Pedobacter,,102,202.980001,2,0.714286,0.8,0,1,0.085025,0.085025,0,0.001254,1,5151,0.710065,0.38
Pedobacter_cryoconitis,Pedobacter,,102,202.980001,2,0.714286,0.8,0,1,0.085025,0.085025,0,0.001254,1,5151,0.710065,0.38
Microterricola_viridarii,Microterricola,,102,202.980001,2,0.714286,0.8,0,1,0.085025,0.085025,0,0.001254,1,5151,0.710065,0.02
Dietzia_psychralcaliphila,Dietzia,,102,202.980001,2,0.714286,0.8,0,1,0.085025,0.085025,0,0.001254,1,5151,0.710065,0.02
Cytophaga_hutchinsonii,Cytophaga,,102,202.980001,2,0.714286,0.8,0,1,0.085025,0.085025,0,0.001254,1,5151,0.710065,0.05
Sutterella_faecalis,Sutterella,,102,202.980001,2,0.714286,0.8,0,1,0.085025,0.085025,0,0.001254,1,5151,0.710065,0.07
Zobellia_galactanivorans,Zobellia,,102,202.980001,2,0.714286,0.8,0,1,0.085025,0.085025,0,0.001254,1,5151,0.710065,0.06
Syntrophomonas_wolfei,Syntrophomonas,,102,202.980001,2,0.714286,0.8,0,1,0.085025,0.085025,0,0.001254,1,5151,0.710065,0.02
Arcticibacterium_luteifluviistationis,Arcticibacterium,,102,202.980001,2,0.714286,0.8,0,1,0.085025,0.085025,0,0.001254,1,5151,0.710065,0.14
Pseudopedobacter_saltans,Pseudopedobacter,,102,202.980001,2,0.714286,0.8,0,1,0.085025,0.085025,0,0.001254,1,5151,0.710065,0.07
Actinoplanes_friuliensis,Actinoplanes,,102,202.980001,2,0.714286,0.8,0,1,0.085025,0.085025,0,0.001254,1,5151,0.710065,0.01
Sulfurimonas_autotrophica,Sulfurimonas,,102,202.980001,2,0.714286,0.8,0,1,0.085025,0.085025,0,0.001254,1,5151,0.710065,0.03
Weissella_jogaejeotgali,Weissella,,102,202.980001,2,0.714286,0.8,0,1,0.085025,0.085025,0,0.001254,1,5151,0.710065,0.15
Mogibacterium_diversum,Mogibacterium,,23,45.94,2,0.694915,0.780488,0,3,0,0,1,0.001288,1,253,0.005725,687.049988
Atopobium_parvulum,Atopobium,,23,45.94,2,0.694915,0.780488,0,3,0,0,1,0.001288,1,253,0.005725,152.369995
Streptococcus_oralis,Streptococcus,,23,45.94,2,0.694915,0.780488,0,3,0,0,1,0.001288,1,253,0.005725,548
Prevotella_denticola,Prevotella,,23,45.94,2,0.694915,0.780488,0,3,0,0,1,0.001288,1,253,0.005725,1637.869995
Actinomyces_gaoshouyii,Actinomyces,,23,45.94,2,0.694915,0.780488,0,3,0,0,1,0.001288,1,253,0.005725,124.010002
Mageeibacillus_indolicus,Mageeibacillus,,23,45.94,2,0.694915,0.780488,0,3,0,0,1,0.001288,1,253,0.005725,3.75
Scardovia_inopinata,Scardovia,,23,45.94,2,0.694915,0.780488,0,3,0,0,1,0.001288,1,253,0.005725,0.67
Parolsenella_catena,Parolsenella,,23,45.94,2,0.694915,0.780488,0,3,0,0,1,0.001288,1,253,0.005725,0.52
Bacteroides_caccae,Bacteroides,,23,45.94,2,0.694915,0.780488,0,3,0,0,1,0.001288,1,253,0.005725,12.28
Acholeplasma_hippikon,Acholeplasma,,23,45.94,2,0.694915,0.780488,0,3,0,0,1,0.001288,1,253,0.005725,0.83
Aerococcus_viridans,Aerococcus,,23,45.94,2,0.694915,0.780488,0,3,0,0,1,0.001288,1,253,0.005725,0.66
Curtobacterium_pusillum,Curtobacterium,,41,79.540002,1,1,1,0.001373,3,0,0,1,0.002328,0.495122,406,0.009227,0.07
Actinobacillus_delphinicola,Actinobacillus,,23,45.94,2,0.694915,0.780488,0,3,0,0,1,0.001288,1,253,0.005725,0.3
Corynebacterium_halotolerans,Corynebacterium,,23,45.94,2,0.694915,0.780488,0,3,0,0,1,0.001288,1,253,0.005725,13.72
Sphingobacterium_hotanense,Sphingobacterium,,23,45.94,2,0.694915,0.780488,0,3,0,0,1,0.001288,1,253,0.005725,0.21
Leifsonia_shinshuensis,Leifsonia,,23,45.94,2,0.694915,0.780488,0,3,0,0,1,0.001288,1,253,0.005725,0.03
Heliorestis_convoluta,Heliorestis,,23,45.94,2,0.694915,0.780488,0,3,0,0,1,0.001288,1,253,0.005725,0.08
Succinivibrio_dextrinosolvens,Succinivibrio,,23,45.94,2,0.694915,0.780488,0,3,0,0,1,0.001288,1,253,0.005725,0.06
Thermincola_potens,Thermincola,,23,45.94,2,0.694915,0.780488,0,3,0,0,1,0.001288,1,253,0.005725,0.02
Pasteurella_skyensis,Pasteurella,,23,45.94,2,0.694915,0.780488,0,3,0,0,1,0.001288,1,253,0.005725,0.03
Anoxybacillus_amylolyticus,Anoxybacillus,,23,45.94,2,0.694915,0.780488,0,3,0,0,1,0.001288,1,253,0.005725,0.12
Bacteroides_xylanisolvens,Bacteroides,,23,45.94,2,0.694915,0.780488,0,3,0,0,1,0.001288,1,253,0.005725,12.28
Corynebacterium_nuruki,Corynebacterium,,23,45.94,2,0.694915,0.780488,0,3,0,0,1,0.001288,1,253,0.005725,13.72
Clostridium_drakei,Clostridium,,23,45.94,2,0.694915,0.780488,0,3,0,0,1,0.001288,1,253,0.005725,1.75
Prevotella_jejuni,Prevotella,,9,17.7,2,0.714286,0.8,0,2,0,0,2,0.001067,1,36,0.001393,1637.869995
Prevotella_fusca,Prevotella,,9,17.7,2,0.714286,0.8,0,2,0,0,2,0.001067,1,36,0.001393,1637.869995
Mycoplasma_orale,Mycoplasma,,9,17.7,2,0.714286,0.8,0,2,0,0,2,0.001067,1,36,0.001393,10.28
Haemophilus_parahaemolyticus,Haemophilus,,9,17.7,2,0.714286,0.8,0,2,0,0,2,0.001067,1,36,0.001393,23.92
Thermanaerovibrio_acidaminovorans,Thermanaerovibrio,,9,17.7,2,0.714286,0.8,0,2,0,0,2,0.001067,1,36,0.001393,0.14
Thermoanaerobacterium_aotearoense,Thermoanaerobacterium,,15,29.340001,1,1,1,0.00002,2,0,0,2,0.001662,0.714286,75,0.002229,0.17
Clostridium_baratii,Clostridium,,15,29.340001,1,1,1,0.00002,2,0,0,2,0.001662,0.714286,75,0.002229,1.75
Enterococcus_gallinarum,Enterococcus,,15,29.340001,1,1,1,0.00002,2,0,0,2,0.001662,0.714286,75,0.002229,0.81
Cupriavidus_malaysiensis,Cupriavidus,,15,29.340001,1,1,1,0.00002,2,0,0,2,0.001662,0.714286,75,0.002229,0.01
Bacteroides_vulgatus,Bacteroides,,15,29.340001,1,1,1,0.00002,2,0,0,2,0.001662,0.714286,75,0.002229,12.28
Actinomyces_pacaensis,Actinomyces,,18,35.94,2,0.640625,0.719512,0,3,0,0,1,0.001224,1,153,0.003752,124.010002
Selenomonas_sputigena,Selenomonas,,18,35.94,2,0.640625,0.719512,0,3,0,0,1,0.001224,1,153,0.003752,35.189999
Capnocytophaga_ochracea,Capnocytophaga,,18,35.94,2,0.640625,0.719512,0,3,0,0,1,0.001224,1,153,0.003752,9.13
Carnobacterium_inhibens,Carnobacterium,,18,35.94,2,0.640625,0.719512,0,3,0,0,1,0.001224,1,153,0.003752,0.5
Erysipelothrix_inopinata,Erysipelothrix,,18,35.94,2,0.640625,0.719512,0,3,0,0,1,0.001224,1,153,0.003752,0.41
Auricoccus_indicus,Auricoccus,,18,35.94,2,0.640625,0.719512,0,3,0,0,1,0.001224,1,153,0.003752,0.27
Lactobacillus_heilongjiangensis,Lactobacillus,,18,35.94,2,0.640625,0.719512,0,3,0,0,1,0.001224,1,153,0.003752,2.19
Corynebacterium_sanguinis,Corynebacterium,,18,35.94,2,0.640625,0.719512,0,3,0,0,1,0.001224,1,153,0.003752,13.72
Rummeliibacillus_stabekisii,Rummeliibacillus,,18,35.94,2,0.640625,0.719512,0,3,0,0,1,0.001224,1,153,0.003752,0.14
Lactobacillus_hordei,Lactobacillus,,18,35.94,2,0.640625,0.719512,0,3,0,0,1,0.001224,1,153,0.003752,2.19
Myroides_phaeus,Myroides,,18,35.94,2,0.640625,0.719512,0,3,0,0,1,0.001224,1,153,0.003752,0.02
Staphylococcus_arlettae,Staphylococcus,,18,35.94,2,0.640625,0.719512,0,3,0,0,1,0.001224,1,153,0.003752,0.79
Staphylococcus_pettenkoferi,Staphylococcus,,18,35.94,2,0.640625,0.719512,0,3,0,0,1,0.001224,1,153,0.003752,0.79
Nakamurella_multipartita,Nakamurella,,18,35.94,2,0.640625,0.719512,0,3,0,0,1,0.001224,1,153,0.003752,0.04
Corynebacterium_singulare,Corynebacterium,,18,35.94,2,0.640625,0.719512,0,3,0,0,1,0.001224,1,153,0.003752,13.72
Petrocella_atlantisensis,Petrocella,,18,35.94,2,0.640625,0.719512,0,3,0,0,1,0.001224,1,153,0.003752,0.08
Staphylococcus_delphini,Staphylococcus,,18,35.94,2,0.640625,0.719512,0,3,0,0,1,0.001224,1,153,0.003752,0.79
Flavisolibacter_tropicus,Flavisolibacter,,18,35.94,2,0.640625,0.719512,0,3,0,0,1,0.001224,1,153,0.003752,0.03
Filifactor_alocis,Filifactor,,2,4,1,1,1,0,4,0,0,3,0.001285,1,1,0.000202,1022.030029
Parvimonas_micra,Parvimonas,,2,4,1,1,1,0,4,0,0,3,0.001285,1,1,0.000202,3.2
Planococcus_antarcticus,Planococcus,,2,4,1,1,1,0,4,0,0,3,0.001285,1,1,0.000202,0.09
Schaalia_odontolytica,Schaalia,,9,17.7,2,0.714286,0.8,0,5,0,0,4,0.001067,1,36,0.001393,298.369995
Erysipelotrichaceae_bacterium,Erysipelotrichaceae,,9,17.7,2,0.714286,0.8,0,5,0,0,4,0.001067,1,36,0.001393,0.03
Pseudobutyrivibrio_xylanivorans,Pseudobutyrivibrio,,15,29.340001,1,1,1,0.00002,5,0,0,4,0.001662,0.714286,75,0.002229,0.01
Endomicrobium_proavitum,Endomicrobium,,15,29.340001,1,1,1,0.00002,5,0,0,4,0.001662,0.714286,75,0.002229,0.07
Desulfomicrobium_orale,Desulfomicrobium,,9,17.7,2,0.714286,0.8,0,5,0,0,4,0.001067,1,36,0.001393,0.05
Mycoplasmopsis_gallinacea,Mycoplasmopsis,,15,29.340001,1,1,1,0.00002,5,0,0,4,0.001662,0.714286,75,0.002229,0.28
Bifidobacterium_angulatum,Bifidobacterium,,15,29.340001,1,1,1,0.00002,5,0,0,4,0.001662,0.714286,75,0.002229,0.48
Lactobacillus_animalis,Lactobacillus,,15,29.340001,1,1,1,0.00002,5,0,0,4,0.001662,0.714286,75,0.002229,2.19
Microbacterium_oxydans,Microbacterium,,9,17.7,2,0.714286,0.8,0,5,0,0,4,0.001067,1,36,0.001393,0.74
Mycolicibacterium_aurum,Mycolicibacterium,,9,17.7,2,0.714286,0.8,0,5,0,0,4,0.001067,1,36,0.001393,0.12
Streptococcus_parasanguinis,Streptococcus,,14,27.82,2,0.791667,0.868421,0,6,0,0,5,0.001325,1,91,0.00243,548
Gemella_morbillorum,Gemella,,14,27.82,2,0.791667,0.868421,0,6,0,0,5,0.001325,1,91,0.00243,355.179993
Ndongobacter_massiliensis,Ndongobacter,,14,27.82,2,0.791667,0.868421,0,6,0,0,5,0.001325,1,91,0.00243,1.17
Anseongella_ginsenosidimutans,Anseongella,,14,27.82,2,0.791667,0.868421,0,6,0,0,5,0.001325,1,91,0.00243,0.05
Chryseobacterium_haifense,Chryseobacterium,,14,27.82,2,0.791667,0.868421,0,6,0,0,5,0.001325,1,91,0.00243,0.38
Flavobacterium_crassostreae,Flavobacterium,,14,27.82,2,0.791667,0.868421,0,6,0,0,5,0.001325,1,91,0.00243,0.6
Chloroherpeton_thalassium,Chloroherpeton,,14,27.82,2,0.791667,0.868421,0,6,0,0,5,0.001325,1,91,0.00243,0.05
Mycoplasma_nasistruthionis,Mycoplasma,,19,36.980001,1,1,1,0.000066,6,0,0,5,0.001843,0.649123,111,0.00305,10.28
Chania_multitudinisentens,Chania,,14,27.82,2,0.791667,0.868421,0,6,0,0,5,0.001325,1,91,0.00243,0.01
Spirochaeta_africana,Spirochaeta,,14,27.82,2,0.791667,0.868421,0,6,0,0,5,0.001325,1,91,0.00243,0.03
Fictibacillus_arsenicus,Fictibacillus,,14,27.82,2,0.791667,0.868421,0,6,0,0,5,0.001325,1,91,0.00243,0.02
Sphingobacterium_mizutaii,Sphingobacterium,,14,27.82,2,0.791667,0.868421,0,6,0,0,5,0.001325,1,91,0.00243,0.21
Ruminococcus_bicirculans,Ruminococcus,,19,36.980001,1,1,1,0.000066,6,0,0,5,0.001843,0.649123,111,0.00305,0.27
Spirosoma_rigui,Spirosoma,,14,27.82,2,0.791667,0.868421,0,6,0,0,5,0.001325,1,91,0.00243,0.09
Ewingella_americana,Ewingella,,19,36.980001,1,1,1,0.000066,6,0,0,5,0.001843,0.649123,111,0.00305,0.01
Treponema_denticola,Treponema,,8,15.94,2,0.642857,0.722222,0,28,0,0,6,0.001172,1,28,0.001097,214.729996
Treponema_putidum,Treponema,,8,15.94,2,0.642857,0.722222,0,28,0,0,6,0.001172,1,28,0.001097,214.729996
Fusobacterium_gonidiaformans,Fusobacterium,,8,15.94,2,0.642857,0.722222,0,28,0,0,6,0.001172,1,28,0.001097,3.2
Simonsiella_muelleri,Simonsiella,,8,15.94,2,0.642857,0.722222,0,28,0,0,6,0.001172,1,28,0.001097,0.52
Cloacibacterium_normanense,Cloacibacterium,,8,15.94,2,0.642857,0.722222,0,28,0,0,6,0.001172,1,28,0.001097,0.47
Cloacibacillus_porcorum,Cloacibacillus,,8,15.94,2,0.642857,0.722222,0,28,0,0,6,0.001172,1,28,0.001097,0.14
Thermus_brockianus,Thermus,,18,34.920001,1,1,1,0.000265,28,0,0,6,0.002275,0.477124,73,0.002473,0.18
Acidaminococcus_fermentans,Acidaminococcus,,8,15.94,2,0.642857,0.722222,0,28,0,0,6,0.001172,1,28,0.001097,0.51
Desulfovibrio_fairfieldensis,Desulfovibrio,,8,15.94,2,0.642857,0.722222,0,28,0,0,6,0.001172,1,28,0.001097,0.07
Gemella_haemolysans,Gemella,,40,79.460001,2,0.672414,0.75641,0,7,0,0,7,0.001143,1,780,0.026797,355.179993
Streptococcus_koreensis,Streptococcus,,40,79.460001,2,0.672414,0.75641,0,7,0,0,7,0.001143,1,780,0.026797,548
Streptococcus_gwangjuense,Streptococcus,,40,79.460001,2,0.672414,0.75641,0,7,0,0,7,0.001143,1,780,0.026797,548
Actinomyces_viscosus,Actinomyces,,40,79.460001,2,0.672414,0.75641,0,7,0,0,7,0.001143,1,780,0.026797,124.010002
Capnocytophaga_endodontalis,Capnocytophaga,,40,79.460001,2,0.672414,0.75641,0,7,0,0,7,0.001143,1,780,0.026797,9.13
Lautropia_mirabilis,Lautropia,,40,79.460001,2,0.672414,0.75641,0,7,0,0,7,0.001143,1,780,0.026797,0.32
Streptococcus_himalayensis,Streptococcus,,40,79.460001,2,0.672414,0.75641,0,7,0,0,7,0.001143,1,780,0.026797,548
Streptococcus_marmotae,Streptococcus,,40,79.460001,2,0.672414,0.75641,0,7,0,0,7,0.001143,1,780,0.026797,548
Peptostreptococcaceae_bacterium,Peptostreptococcaceae,,40,79.460001,2,0.672414,0.75641,0,7,0,0,7,0.001143,1,780,0.026797,0.32
Dolosigranulum_pigrum,Dolosigranulum,,40,79.460001,2,0.672414,0.75641,0,7,0,0,7,0.001143,1,780,0.026797,0.38
Petrimonas_mucosa,Petrimonas,,40,79.460001,2,0.672414,0.75641,0,7,0,0,7,0.001143,1,780,0.026797,0.31
Streptococcus_urinalis,Streptococcus,,40,79.460001,2,0.672414,0.75641,0,7,0,0,7,0.001143,1,780,0.026797,548
Streptococcus_halotolerans,Streptococcus,,40,79.460001,2,0.672414,0.75641,0,7,0,0,7,0.001143,1,780,0.026797,548
Streptococcus_ratti,Streptococcus,,40,79.460001,2,0.672414,0.75641,0,7,0,0,7,0.001143,1,780,0.026797,548
Vagococcus_penaei,Vagococcus,,40,79.460001,2,0.672414,0.75641,0,7,0,0,7,0.001143,1,780,0.026797,0.41
Brevibacterium_luteolum,Brevibacterium,,40,79.460001,2,0.672414,0.75641,0,7,0,0,7,0.001143,1,780,0.026797,0.07
Kurthia_zopfii,Kurthia,,40,79.460001,2,0.672414,0.75641,0,7,0,0,7,0.001143,1,780,0.026797,0.09
Pectinatus_frisingensis,Pectinatus,,40,79.460001,2,0.672414,0.75641,0,7,0,0,7,0.001143,1,780,0.026797,0.42
Caloranaerobacter_azorensis,Caloranaerobacter,,40,79.460001,2,0.672414,0.75641,0,7,0,0,7,0.001143,1,780,0.026797,0.34
Rhodoluna_lacicola,Rhodoluna,,40,79.460001,2,0.672414,0.75641,0,7,0,0,7,0.001143,1,780,0.026797,0.05
Wenyingzhuangia_fucanilytica,Wenyingzhuangia,,40,79.460001,2,0.672414,0.75641,0,7,0,0,7,0.001143,1,780,0.026797,0.05
Bacillus_pseudofirmus,Bacillus,,78,151.800004,1,1,1,0.000448,7,0,0,7,0.002011,0.595072,1787,0.05236,0.52
Arthrobacter_dokdonellae,Arthrobacter,,40,79.460001,2,0.672414,0.75641,0,7,0,0,7,0.001143,1,780,0.026797,0.07
Corynebacterium_flavescens,Corynebacterium,,78,151.800004,1,1,1,0.000448,7,0,0,7,0.002011,0.595072,1787,0.05236,13.72
Apibacter_raozihei,Apibacter,,40,79.460001,2,0.672414,0.75641,0,7,0,0,7,0.001143,1,780,0.026797,0.09
Lactobacillus_kefiri,Lactobacillus,,78,151.800004,1,1,1,0.000448,7,0,0,7,0.002011,0.595072,1787,0.05236,2.19
Bacillus_filamentosus,Bacillus,,40,79.460001,2,0.672414,0.75641,0,7,0,0,7,0.001143,1,780,0.026797,0.52
Corynebacterium_humireducens,Corynebacterium,,40,79.460001,2,0.672414,0.75641,0,7,0,0,7,0.001143,1,780,0.026797,13.72
Oenococcus_sicerae,Oenococcus,,40,79.460001,2,0.672414,0.75641,0,7,0,0,7,0.001143,1,780,0.026797,0.07
Actinobacillus_porcitonsillarum,Actinobacillus,,78,151.800004,1,1,1,0.000448,7,0,0,7,0.002011,0.595072,1787,0.05236,0.3
Flavobacterium_indicum,Flavobacterium,,40,79.460001,2,0.672414,0.75641,0,7,0,0,7,0.001143,1,780,0.026797,0.6
Clostridium_scatologenes,Clostridium,,40,79.460001,2,0.672414,0.75641,0,7,0,0,7,0.001143,1,780,0.026797,1.75
Leucobacter_denitrificans,Leucobacter,,40,79.460001,2,0.672414,0.75641,0,7,0,0,7,0.001143,1,780,0.026797,0.03
Mycoplasmopsis_columboralis,Mycoplasmopsis,,78,151.800004,1,1,1,0.000448,7,0,0,7,0.002011,0.595072,1787,0.05236,0.28
Rodentibacter_heylii,Rodentibacter,,40,79.460001,2,0.672414,0.75641,0,7,0,0,7,0.001143,1,780,0.026797,0.2
Pontibacter_actiniarum,Pontibacter,,40,79.460001,2,0.672414,0.75641,0,7,0,0,7,0.001143,1,780,0.026797,0.11
Corynebacterium_marinum,Corynebacterium,,78,151.800004,1,1,1,0.000448,7,0,0,7,0.002011,0.595072,1787,0.05236,13.72
Staphylococcus_simiae,Staphylococcus,,78,151.800004,1,1,1,0.000448,7,0,0,7,0.002011,0.595072,1787,0.05236,0.79
Flagellimonas_maritima,Flagellimonas,,40,79.460001,2,0.672414,0.75641,0,7,0,0,7,0.001143,1,780,0.026797,0.02
Glutamicibacter_nicotianae,Glutamicibacter,,78,151.800004,1,1,1,0.000448,7,0,0,7,0.002011,0.595072,1787,0.05236,0.19
Rhizobium_flavum,Rhizobium,,78,151.800004,1,1,1,0.000448,7,0,0,7,0.002011,0.595072,1787,0.05236,0.01
Neisseria_flavescens,Neisseria,,31,61.76,2,0.754098,0.836957,0,8,0,0,8,0.001323,1,465,0.011018,4.09
Neisseria_polysaccharea,Neisseria,,31,61.76,2,0.754098,0.836957,0,8,0,0,8,0.001323,1,465,0.011018,4.09
Sneathia_amnii,Sneathia,,31,61.76,2,0.754098,0.836957,0,8,0,0,8,0.001323,1,465,0.011018,1.16
Propionibacterium_acidifaciens,Propionibacterium,,31,61.76,2,0.754098,0.836957,0,8,0,0,8,0.001323,1,465,0.011018,1.89
Corynebacterium_segmentosum,Corynebacterium,,31,61.76,2,0.754098,0.836957,0,8,0,0,8,0.001323,1,465,0.011018,13.72
Bacteroides_uniformis,Bacteroides,,31,61.76,2,0.754098,0.836957,0,8,0,0,8,0.001323,1,465,0.011018,12.28
Alistipes_dispar,Alistipes,,31,61.76,2,0.754098,0.836957,0,8,0,0,8,0.001323,1,465,0.011018,1.38
Bacteroides_caecimuris,Bacteroides,,31,61.76,2,0.754098,0.836957,0,8,0,0,8,0.001323,1,465,0.011018,12.28
Mycoplasma_meleagridis,Mycoplasma,,31,61.76,2,0.754098,0.836957,0,8,0,0,8,0.001323,1,465,0.011018,10.28
Lachnoclostridium_phocaeense,Lachnoclostridium,,31,61.76,2,0.754098,0.836957,0,8,0,0,8,0.001323,1,465,0.011018,0.47
Leuconostoc_pseudomesenteroides,Leuconostoc,,31,61.76,2,0.754098,0.836957,0,8,0,0,8,0.001323,1,465,0.011018,0.23
Butyricimonas_faecalis,Butyricimonas,,31,61.76,2,0.754098,0.836957,0,8,0,0,8,0.001323,1,465,0.011018,0.08
Thermus_caldilimi,Thermus,,31,61.76,2,0.754098,0.836957,0,8,0,0,8,0.001323,1,465,0.011018,0.18
Lactobacillus_jensenii,Lactobacillus,,31,61.76,2,0.754098,0.836957,0,8,0,0,8,0.001323,1,465,0.011018,2.19
Anaerostipes_rhamnosivorans,Anaerostipes,,31,61.76,2,0.754098,0.836957,0,8,0,0,8,0.001323,1,465,0.011018,0.18
Spiroplasma_diminutum,Spiroplasma,,46,89.420002,1,1,1,0.000348,8,0,0,8,0.00204,0.594203,615,0.014146,0.25
Tepidiforma_bonchosmolovskayae,Tepidiforma,,46,89.420002,1,1,1,0.000348,8,0,0,8,0.00204,0.594203,615,0.014146,0.09
Nonlabens_dokdonensis,Nonlabens,,31,61.76,2,0.754098,0.836957,0,8,0,0,8,0.001323,1,465,0.011018,0.08
Victivallales_bacterium,Victivallales,,31,61.76,2,0.754098,0.836957,0,8,0,0,8,0.001323,1,465,0.011018,0.02
Thermosulfurimonas_marina,Thermosulfurimonas,,31,61.76,2,0.754098,0.836957,0,8,0,0,8,0.001323,1,465,0.011018,0.07
Spirosoma_montaniterrae,Spirosoma,,31,61.76,2,0.754098,0.836957,0,8,0,0,8,0.001323,1,465,0.011018,0.09
Mycolicibacterium_pulveris,Mycolicibacterium,,31,61.76,2,0.754098,0.836957,0,8,0,0,8,0.001323,1,465,0.011018,0.12
Eubacterium_maltosivorans,Eubacterium,,31,61.76,2,0.754098,0.836957,0,8,0,0,8,0.001323,1,465,0.011018,1679.040039
Leadbetterella_byssophila,Leadbetterella,,31,61.76,2,0.754098,0.836957,0,8,0,0,8,0.001323,1,465,0.011018,0.13
Nibricoccus_aquaticus,Nibricoccus,,31,61.76,2,0.754098,0.836957,0,8,0,0,8,0.001323,1,465,0.011018,0.03
Lactobacillus_curieae,Lactobacillus,,46,89.420002,1,1,1,0.000348,8,0,0,8,0.00204,0.594203,615,0.014146,2.19
Clostridium_aceticum,Clostridium,,31,61.76,2,0.754098,0.836957,0,8,0,0,8,0.001323,1,465,0.011018,1.75
Bisgaardia_hudsonensis,Bisgaardia,,31,61.76,2,0.754098,0.836957,0,8,0,0,8,0.001323,1,465,0.011018,0.06
Peribacillus_butanolivorans,Peribacillus,,31,61.76,2,0.754098,0.836957,0,8,0,0,8,0.001323,1,465,0.011018,0.05
Aequorivita_sublithincola,Aequorivita,,31,61.76,2,0.754098,0.836957,0,8,0,0,8,0.001323,1,465,0.011018,0.04
Geobacter_pickeringii,Geobacter,,31,61.76,2,0.754098,0.836957,0,8,0,0,8,0.001323,1,465,0.011018,0.04
Desulfovibrio_ferrophilus,Desulfovibrio,,46,89.420002,1,1,1,0.000348,8,0,0,8,0.00204,0.594203,615,0.014146,0.07
Dialister_pneumosintes,Dialister,,4,7.94,2,0.611111,0.681818,0,9,0,0,9,0.000994,1,6,0.000474,78.800003
Flavobacterium_haoranii,Flavobacterium,,4,7.94,2,0.611111,0.681818,0,9,0,0,9,0.000994,1,6,0.000474,0.6
Bartonella_ancashensis,Bartonella,,4,7.94,2,0.611111,0.681818,0,9,0,0,9,0.000994,1,6,0.000474,0.09
Mycolicibacterium_fortuitum,Mycolicibacterium,,11,21.340001,1,1,1,0.000093,9,0,0,9,0.002165,0.490909,27,0.001319,0.12
Planococcus_versutus,Planococcus,,4,7.94,2,0.611111,0.681818,0,9,0,0,9,0.000994,1,6,0.000474,0.09
Schaalia_meyeri,Schaalia,,2,3.94,2,0.666667,0.75,0,22,0,0,10,0.001094,1,1,0.000211,298.369995
Veillonella_parvula,Veillonella,,4,7.76,1,1,1,0.000013,22,0,0,10,0.002052,0.333333,2,0.000405,956.330017
Clostridium_cellulovorans,Clostridium,,2,3.94,2,0.666667,0.75,0,22,0,0,10,0.001094,1,1,0.000211,1.75
Prevotella_enoeca,Prevotella,,9,17.94,2,0.846154,0.909091,0,10,0,0,11,0.001377,1,36,0.001231,1637.869995
Aggregatibacter_segnis,Aggregatibacter,,9,17.94,2,0.846154,0.909091,0,10,0,0,11,0.001377,1,36,0.001231,1.97
Clostridium_cochlearium,Clostridium,,9,17.94,2,0.846154,0.909091,0,10,0,0,11,0.001377,1,36,0.001231,1.75
Clostridium_argentinense,Clostridium,,9,17.94,2,0.846154,0.909091,0,10,0,0,11,0.001377,1,36,0.001231,1.75
Flavobacterium_album,Flavobacterium,,9,17.94,2,0.846154,0.909091,0,10,0,0,11,0.001377,1,36,0.001231,0.6
Staphylococcus_felis,Staphylococcus,,9,17.94,2,0.846154,0.909091,0,10,0,0,11,0.001377,1,36,0.001231,0.79
Bacillus_vietnamensis,Bacillus,,9,17.94,2,0.846154,0.909091,0,10,0,0,11,0.001377,1,36,0.001231,0.52
Desulfitobacterium_dichloroeliminans,Desulfitobacterium,,9,17.94,2,0.846154,0.909091,0,10,0,0,11,0.001377,1,36,0.001231,0.26
Neisseria_lactamica,Neisseria,,11,21.340001,1,1,1,0.00006,10,0,0,11,0.001861,0.672727,37,0.001427,4.09
Agarilytica_rhodophyticola,Agarilytica,,9,17.94,2,0.846154,0.909091,0,10,0,0,11,0.001377,1,36,0.001231,0.06
Olsenella_uli,Olsenella,,8,15.82,2,0.611111,0.681818,0,11,0,0,12,0.000878,1,28,0.001308,39.799999
Neisseria_elongata,Neisseria,,22,42.800001,1,1,1,0.000093,11,0,0,12,0.001888,0.636364,147,0.0038,4.09
Microbacterium_chocolatum,Microbacterium,,8,15.82,2,0.611111,0.681818,0,11,0,0,12,0.000878,1,28,0.001308,0.74
Xylanimonas_allomyrinae,Xylanimonas,,8,15.82,2,0.611111,0.681818,0,11,0,0,12,0.000878,1,28,0.001308,0.1
Archaeoglobus_sulfaticallidus,Archaeoglobus,,22,42.800001,1,1,1,0.000093,11,0,0,12,0.001888,0.636364,147,0.0038,0.02
Helicobacter_himalayensis,Helicobacter,,8,15.82,2,0.611111,0.681818,0,11,0,0,12,0.000878,1,28,0.001308,0.11
Anoxybacter_fermentans,Anoxybacter,,8,15.82,2,0.611111,0.681818,0,11,0,0,12,0.000878,1,28,0.001308,0.04
Rhodobacter_capsulatus,Rhodobacter,,22,42.800001,1,1,1,0.000093,11,0,0,12,0.001888,0.636364,147,0.0038,0.01
Staphylococcus_kloosii,Staphylococcus,,8,15.82,2,0.611111,0.681818,0,11,0,0,12,0.000878,1,28,0.001308,0.79
Schaalia_cardiffensis,Schaalia,,9,17.94,2,0.764706,0.846154,0,12,0,0,13,0.001356,1,36,0.001242,298.369995
Kocuria_palustris,Kocuria,,9,17.94,2,0.764706,0.846154,0,12,0,0,13,0.001356,1,36,0.001242,0.53
Acinetobacter_ursingii,Acinetobacter,,9,17.94,2,0.764706,0.846154,0,12,0,0,13,0.001356,1,36,0.001242,0.23
Corynebacterium_ureicelerivorans,Corynebacterium,,9,17.94,2,0.764706,0.846154,0,12,0,0,13,0.001356,1,36,0.001242,13.72
Chlamydia_avium,Chlamydia,,13,25.220001,1,1,1,0.000119,12,0,0,13,0.002124,0.538462,42,0.001669,0.13
Flavobacterium_sediminis,Flavobacterium,,9,17.94,2,0.764706,0.846154,0,12,0,0,13,0.001356,1,36,0.001242,0.6
Lactobacillus_futsaii,Lactobacillus,,9,17.94,2,0.764706,0.846154,0,12,0,0,13,0.001356,1,36,0.001242,2.19
Eubacterium_callanderi,Eubacterium,,9,17.94,2,0.764706,0.846154,0,12,0,0,13,0.001356,1,36,0.001242,1679.040039
Cnuibacter_physcomitrellae,Cnuibacter,,9,17.94,2,0.764706,0.846154,0,12,0,0,13,0.001356,1,36,0.001242,0.03
Paenibacillus_beijingensis,Paenibacillus,,9,17.94,2,0.764706,0.846154,0,12,0,0,13,0.001356,1,36,0.001242,0.44
Treponema_socranskii,Treponema,,6,11.94,2,0.875,0.928571,0,13,0,0,14,0.001365,1,15,0.000723,214.729996
Corynebacterium_kroppenstedtii,Corynebacterium,,6,11.94,2,0.875,0.928571,0,13,0,0,14,0.001365,1,15,0.000723,13.72
Thermus_scotoductus,Thermus,,6,11.94,2,0.875,0.928571,0,13,0,0,14,0.001365,1,15,0.000723,0.18
Aeribacillus_pallidus,Aeribacillus,,6,11.94,2,0.875,0.928571,0,13,0,0,14,0.001365,1,15,0.000723,0.21
Acinetobacter_lwoffii,Acinetobacter,,6,11.94,2,0.875,0.928571,0,13,0,0,14,0.001365,1,15,0.000723,0.23
Heliobacterium_modesticaldum,Heliobacterium,,6,11.94,2,0.875,0.928571,0,13,0,0,14,0.001365,1,15,0.000723,0.05
Symbiobacterium_thermophilum,Symbiobacterium,,7,13.58,1,1,1,0.00002,13,0,0,14,0.001692,0.714286,15,0.000816,0.12
Streptococcus_salivarius,Streptococcus,,7,13.82,2,0.612903,0.684211,0,6,0,0,5,0.000856,1,21,0.001088,548
Peptoniphilus_harei,Peptoniphilus,,7,13.82,2,0.612903,0.684211,0,6,0,0,5,0.000856,1,21,0.001088,1.03
Alistipes_finegoldii,Alistipes,,7,13.82,2,0.612903,0.684211,0,6,0,0,5,0.000856,1,21,0.001088,1.38
Bacillus_thermoamylovorans,Bacillus,,7,13.82,2,0.612903,0.684211,0,6,0,0,5,0.000856,1,21,0.001088,0.52
Chryseobacterium_jeonii,Chryseobacterium,,7,13.82,2,0.612903,0.684211,0,6,0,0,5,0.000856,1,21,0.001088,0.38
Leptotrichia_wadei,Leptotrichia,,2,3.94,1,1,1,0,14,0,0,15,0.001285,1,1,0.000202,11.03
Streptococcus_gordonii,Streptococcus,,2,3.88,1,1,1,0,14,0,0,15,0.001285,1,1,0.000202,548
Leptotrichia_trevisanii,Leptotrichia,,2,3.94,1,1,1,0,14,0,0,15,0.001285,1,1,0.000202,11.03
Lactobacillus_plantarum,Lactobacillus,,4,8,1,1,1,0,15,0,0,16,0.001285,1,6,0.00044,2.19
Deep_sea,Deep,,4,8,1,1,1,0,15,0,0,16,0.001285,1,6,0.00044,0
Mycoplasma_arginini,Mycoplasma,,4,8,1,1,1,0,15,0,0,16,0.001285,1,6,0.00044,10.28
Thermosynechococcus_elongatus,Thermosynechococcus,,4,8,1,1,1,0,15,0,0,16,0.001285,1,6,0.00044,0
Dichelobacter_nodosus,Dichelobacter,,4,8,1,1,1,0,15,0,0,16,0.001285,1,6,0.00044,0
Prevotella_melaninogenica,Prevotella,,10,19.7,2,0.75,0.833333,0,2,0,0,2,0.001154,1,45,0.001558,1637.869995
Gudongella_oleilytica,Gudongella,,10,19.7,2,0.75,0.833333,0,2,0,0,2,0.001154,1,45,0.001558,0.06
Aerococcus_urinae,Aerococcus,,10,19.7,2,0.75,0.833333,0,2,0,0,2,0.001154,1,45,0.001558,0.66
Aminobacterium_colombiense,Aminobacterium,,10,19.7,2,0.75,0.833333,0,2,0,0,2,0.001154,1,45,0.001558,0.08
Tenericutes_bacterium,Tenericutes,,10,19.7,2,0.75,0.833333,0,2,0,0,2,0.001154,1,45,0.001558,0.04
Mycoplasma_penetrans,Mycoplasma,,10,19.7,2,0.75,0.833333,0,2,0,0,2,0.001154,1,45,0.001558,10.28
Streptococcus_pseudopneumoniae,Streptococcus,,46,91.460001,2,0.709091,0.794872,0,7,0,0,7,0.001233,1,1035,0.034475,548
Streptococcus_vestibularis,Streptococcus,,46,91.460001,2,0.709091,0.794872,0,7,0,0,7,0.001233,1,1035,0.034475,548
Cardiobacterium_hominis,Cardiobacterium,,46,91.460001,2,0.709091,0.794872,0,7,0,0,7,0.001233,1,1035,0.034475,0.8
Dermabacter_jinjuensis,Dermabacter,,46,91.460001,2,0.709091,0.794872,0,7,0,0,7,0.001233,1,1035,0.034475,0.52
Vagococcus_teuberi,Vagococcus,,46,91.460001,2,0.709091,0.794872,0,7,0,0,7,0.001233,1,1035,0.034475,0.41
Anaerococcus_mediterraneensis,Anaerococcus,,46,91.460001,2,0.709091,0.794872,0,7,0,0,7,0.001233,1,1035,0.034475,1.08
Streptococcus_ferus,Streptococcus,,46,91.460001,2,0.709091,0.794872,0,7,0,0,7,0.001233,1,1035,0.034475,548
Streptococcus_troglodytae,Streptococcus,,46,91.460001,2,0.709091,0.794872,0,7,0,0,7,0.001233,1,1035,0.034475,548
Denitrobacterium_detoxificans,Denitrobacterium,,46,91.460001,2,0.709091,0.794872,0,7,0,0,7,0.001233,1,1035,0.034475,0.25
Corynebacterium_aquilae,Corynebacterium,,46,91.460001,2,0.709091,0.794872,0,7,0,0,7,0.001233,1,1035,0.034475,13.72
Streptococcus_pantholopis,Streptococcus,,46,91.460001,2,0.709091,0.794872,0,7,0,0,7,0.001233,1,1035,0.034475,548
Enterococcus_wangshanyuanii,Enterococcus,,46,91.460001,2,0.709091,0.794872,0,7,0,0,7,0.001233,1,1035,0.034475,0.81
Gottschalkia_acidurici,Gottschalkia,,46,91.460001,2,0.709091,0.794872,0,7,0,0,7,0.001233,1,1035,0.034475,0.25
Lactobacillus_terrae,Lactobacillus,,46,91.460001,2,0.709091,0.794872,0,7,0,0,7,0.001233,1,1035,0.034475,2.19
Corynebacterium_rouxii,Corynebacterium,,46,91.460001,2,0.709091,0.794872,0,7,0,0,7,0.001233,1,1035,0.034475,13.72
Altererythrobacter_atlanticus,Altererythrobacter,,46,91.460001,2,0.709091,0.794872,0,7,0,0,7,0.001233,1,1035,0.034475,0.06
Lactococcus_piscium,Lactococcus,,46,91.460001,2,0.709091,0.794872,0,7,0,0,7,0.001233,1,1035,0.034475,0.24
Glutamicibacter_creatinolyticus,Glutamicibacter,,46,91.460001,2,0.709091,0.794872,0,7,0,0,7,0.001233,1,1035,0.034475,0.19
Lactobacillus_zhachilii,Lactobacillus,,46,91.460001,2,0.709091,0.794872,0,7,0,0,7,0.001233,1,1035,0.034475,2.19
Corynebacterium_provencense,Corynebacterium,,46,91.460001,2,0.709091,0.794872,0,7,0,0,7,0.001233,1,1035,0.034475,13.72
Brachybacterium_faecium,Brachybacterium,,46,91.460001,2,0.709091,0.794872,0,7,0,0,7,0.001233,1,1035,0.034475,0.29
Lactobacillus_ginsenosidimutans,Lactobacillus,,46,91.460001,2,0.709091,0.794872,0,7,0,0,7,0.001233,1,1035,0.034475,2.19
Isoptericola_dokdonensis,Isoptericola,,46,91.460001,2,0.709091,0.794872,0,7,0,0,7,0.001233,1,1035,0.034475,0.1
Lacinutrix_venerupis,Lacinutrix,,46,91.460001,2,0.709091,0.794872,0,7,0,0,7,0.001233,1,1035,0.034475,0.09
Gordonia_iterans,Gordonia,,46,91.460001,2,0.709091,0.794872,0,7,0,0,7,0.001233,1,1035,0.034475,0.07
Amphibacillus_xylanus,Amphibacillus,,46,91.460001,2,0.709091,0.794872,0,7,0,0,7,0.001233,1,1035,0.034475,0.03
Tetragenococcus_osmophilus,Tetragenococcus,,46,91.460001,2,0.709091,0.794872,0,7,0,0,7,0.001233,1,1035,0.034475,0.16
Desulfotomaculum_ferrireducens,Desulfotomaculum,,46,91.460001,2,0.709091,0.794872,0,7,0,0,7,0.001233,1,1035,0.034475,0.03
Empedobacter_falsenii,Empedobacter,,46,91.460001,2,0.709091,0.794872,0,7,0,0,7,0.001233,1,1035,0.034475,0.09
Marinitoga_piezophila,Marinitoga,,46,91.460001,2,0.709091,0.794872,0,7,0,0,7,0.001233,1,1035,0.034475,0.05
Georgenia_faecalis,Georgenia,,46,91.460001,2,0.709091,0.794872,0,7,0,0,7,0.001233,1,1035,0.034475,0.07
Corynebacterium_frankenforstense,Corynebacterium,,46,91.460001,2,0.709091,0.794872,0,7,0,0,7,0.001233,1,1035,0.034475,13.72
Serinicoccus_profundi,Serinicoccus,,46,91.460001,2,0.709091,0.794872,0,7,0,0,7,0.001233,1,1035,0.034475,0.02
Aerococcus_sanguinicola,Aerococcus,,46,91.460001,2,0.709091,0.794872,0,7,0,0,7,0.001233,1,1035,0.034475,0.66
Chryseolinea_soli,Chryseolinea,,46,91.460001,2,0.709091,0.794872,0,7,0,0,7,0.001233,1,1035,0.034475,0
Lactobacillus_hokkaidonensis,Lactobacillus,,46,91.460001,2,0.709091,0.794872,0,7,0,0,7,0.001233,1,1035,0.034475,2.19
Actinobacillus_succinogenes,Actinobacillus,,46,91.460001,2,0.709091,0.794872,0,7,0,0,7,0.001233,1,1035,0.034475,0.3
Paenibacillus_barcinonensis,Paenibacillus,,46,91.460001,2,0.709091,0.794872,0,7,0,0,7,0.001233,1,1035,0.034475,0.44
Lactobacillus_gastricus,Lactobacillus,,3,5.88,1,1,1,0,16,0,0,17,0.001285,1,3,0.000317,2.19
Streptococcus_porcinus,Streptococcus,,3,5.88,1,1,1,0,16,0,0,17,0.001285,1,3,0.000317,548
Methanocorpusculum_labreanum,Methanocorpusculum,,3,5.88,1,1,1,0,16,0,0,17,0.001285,1,3,0.000317,0.07
Psychroflexus_torquis,Psychroflexus,,3,5.88,1,1,1,0,16,0,0,17,0.001285,1,3,0.000317,0.09
Corynebacterium_matruchotii,Corynebacterium,,17,33.88,2,0.688889,0.774194,0,17,0,0,18,0.001254,1,136,0.003424,13.72
Streptococcus_merionis,Streptococcus,,17,33.88,2,0.688889,0.774194,0,17,0,0,18,0.001254,1,136,0.003424,548
Mycoplasma_alkalescens,Mycoplasma,,17,33.88,2,0.688889,0.774194,0,17,0,0,18,0.001254,1,136,0.003424,10.28
Acholeplasma_oculi,Acholeplasma,,17,33.88,2,0.688889,0.774194,0,17,0,0,18,0.001254,1,136,0.003424,0.83
Isoptericola_variabilis,Isoptericola,,17,33.88,2,0.688889,0.774194,0,17,0,0,18,0.001254,1,136,0.003424,0.1
Cellulomonas_shaoxiangyii,Cellulomonas,,17,33.88,2,0.688889,0.774194,0,17,0,0,18,0.001254,1,136,0.003424,0.15
Flavobacterium_arcticum,Flavobacterium,,17,33.88,2,0.688889,0.774194,0,17,0,0,18,0.001254,1,136,0.003424,0.6
Acetohalobium_arabaticum,Acetohalobium,,17,33.88,2,0.688889,0.774194,0,17,0,0,18,0.001254,1,136,0.003424,0.09
Sphingobacterium_daejeonense,Sphingobacterium,,17,33.88,2,0.688889,0.774194,0,17,0,0,18,0.001254,1,136,0.003424,0.21
Marisediminicola_antarctica,Marisediminicola,,31,60.200002,1,1,1,0.000372,17,0,0,18,0.002201,0.51828,241,0.005842,0.02
Lactobacillus_acidipiscis,Lactobacillus,,17,33.88,2,0.688889,0.774194,0,17,0,0,18,0.001254,1,136,0.003424,2.19
Microcella_alkaliphila,Microcella,,31,60.200002,1,1,1,0.000372,17,0,0,18,0.002201,0.51828,241,0.005842,0.03
Lactobacillus_parabuchneri,Lactobacillus,,17,33.88,2,0.688889,0.774194,0,17,0,0,18,0.001254,1,136,0.003424,2.19
Acinetobacter_dispersus,Acinetobacter,,17,33.88,2,0.688889,0.774194,0,17,0,0,18,0.001254,1,136,0.003424,0.23
Halobacillus_litoralis,Halobacillus,,17,33.88,2,0.688889,0.774194,0,17,0,0,18,0.001254,1,136,0.003424,0.02
Pelobacter_carbinolicus,Pelobacter,,17,33.88,2,0.688889,0.774194,0,17,0,0,18,0.001254,1,136,0.003424,0.01
Agromyces_protaetiae,Agromyces,,17,33.88,2,0.688889,0.774194,0,17,0,0,18,0.001254,1,136,0.003424,0.06
Cellulomonas_gilvus,Cellulomonas,,17,33.88,2,0.688889,0.774194,0,17,0,0,18,0.001254,1,136,0.003424,0.15
Haemophilus_pittmaniae,Haemophilus,,7,14,1,1,1,0,18,0,0,19,0.001285,1,21,0.000874,23.92
Kingella_oralis,Kingella,,7,14,1,1,1,0,18,0,0,19,0.001285,1,21,0.000874,3.64
Streptococcus_anginosus,Streptococcus,,7,14,1,1,1,0,18,0,0,19,0.001285,1,21,0.000874,548
Mycoplasma_anseris,Mycoplasma,,7,14,1,1,1,0,18,0,0,19,0.001285,1,21,0.000874,10.28
Paeniclostridium_sordellii,Paeniclostridium,,7,14,1,1,1,0,18,0,0,19,0.001285,1,21,0.000874,0.8
Halothermothrix_orenii,Halothermothrix,,7,14,1,1,1,0,18,0,0,19,0.001285,1,21,0.000874,0.2
Acholeplasma_palmae,Acholeplasma,,7,14,1,1,1,0,18,0,0,19,0.001285,1,21,0.000874,0.83
Thermoanaerobacterium_xylanolyticum,Thermoanaerobacterium,,7,14,1,1,1,0,18,0,0,19,0.001285,1,21,0.000874,0.17
Rhodanobacter_glycinis,Rhodanobacter,,2,4,1,1,1,0,19,0,0,20,0.001285,1,1,0.000202,12.18
Neisseria_subflava,Neisseria,,2,4,1,1,1,0,19,0,0,20,0.001285,1,1,0.000202,4.09
Corynebacterium_variabile,Corynebacterium,,2,4,1,1,1,0,19,0,0,20,0.001285,1,1,0.000202,13.72
Streptococcus_milleri,Streptococcus,,1,1.94,2,0.6,0.666667,0,29,0,0,21,0.000727,0,0,0.000105,548
Eggerthella_lenta,Eggerthella,,3,5.82,1,1,1,0.000007,29,0,0,21,0.001886,0.333333,1,0.0003,0.01
Bacteroides_heparinolyticus,Bacteroides,,15,29.88,2,0.659574,0.741935,0,17,0,0,18,0.001191,1,105,0.00285,12.28
Streptococcus_sanguinis,Streptococcus,,15,29.88,2,0.659574,0.741935,0,17,0,0,18,0.001191,1,105,0.00285,548
Sanguibacter_keddieii,Sanguibacter,,15,29.88,2,0.659574,0.741935,0,17,0,0,18,0.001191,1,105,0.00285,0.18
Peptoclostridium_acidaminophilum,Peptoclostridium,,15,29.88,2,0.659574,0.741935,0,17,0,0,18,0.001191,1,105,0.00285,0.28
Tetragenococcus_koreensis,Tetragenococcus,,15,29.88,2,0.659574,0.741935,0,17,0,0,18,0.001191,1,105,0.00285,0.16
Bifidobacterium_actinocoloniiforme,Bifidobacterium,,15,29.88,2,0.659574,0.741935,0,17,0,0,18,0.001191,1,105,0.00285,0.48
Desulfitobacterium_metallireducens,Desulfitobacterium,,15,29.88,2,0.659574,0.741935,0,17,0,0,18,0.001191,1,105,0.00285,0.26
Anaerocolumna_cellulosilytica,Anaerocolumna,,15,29.88,2,0.659574,0.741935,0,17,0,0,18,0.001191,1,105,0.00285,0.17
Cellulomonas_flavigena,Cellulomonas,,15,29.88,2,0.659574,0.741935,0,17,0,0,18,0.001191,1,105,0.00285,0.15
Gramella_forsetii,Gramella,,15,29.88,2,0.659574,0.741935,0,17,0,0,18,0.001191,1,105,0.00285,0.13
Aeromicrobium_erythreum,Aeromicrobium,,15,29.88,2,0.659574,0.741935,0,17,0,0,18,0.001191,1,105,0.00285,0.04
Microbacterium_amylolyticum,Microbacterium,,15,29.88,2,0.659574,0.741935,0,17,0,0,18,0.001191,1,105,0.00285,0.74
Rathayibacter_tanaceti,Rathayibacter,,15,29.88,2,0.659574,0.741935,0,17,0,0,18,0.001191,1,105,0.00285,0.02
Arachidicoccus_ginsenosidivorans,Arachidicoccus,,15,29.88,2,0.659574,0.741935,0,17,0,0,18,0.001191,1,105,0.00285,0.01
Porphyromonas_asaccharolytica,Porphyromonas,,1,1.94,1,1,1,0,20,0,0,22,0.001285,0,0,0.000097,15.87
Streptococcus_intermedius,Streptococcus,,1,1.94,1,1,1,0,20,0,0,22,0.001285,0,0,0.000097,548
Leptotrichia_shahii,Leptotrichia,,47,92.980001,2,0.685039,0.770115,0,21,0,0,23,0.001083,1,1081,0.051348,11.03
Actinomyces_tangfeifanii,Actinomyces,,47,92.980001,2,0.685039,0.770115,0,21,0,0,23,0.001083,1,1081,0.051348,124.010002
Streptococcus_respiraculi,Streptococcus,,47,92.980001,2,0.685039,0.770115,0,21,0,0,23,0.001083,1,1081,0.051348,548
Trueperella_bialowiezensis,Trueperella,,47,92.980001,2,0.685039,0.770115,0,21,0,0,23,0.001083,1,1081,0.051348,0.23
Lactobacillus_vaginalis,Lactobacillus,,47,92.980001,2,0.685039,0.770115,0,21,0,0,23,0.001083,1,1081,0.051348,2.19
Jeotgalibaca_dankookensis,Jeotgalibaca,,87,169.740004,1,1,1,0.000242,21,0,0,23,0.001822,0.668538,2501,0.094005,0.39
Corynebacterium_pelargi,Corynebacterium,,47,92.980001,2,0.685039,0.770115,0,21,0,0,23,0.001083,1,1081,0.051348,13.72
Psychromicrobium_lacuslunae,Psychromicrobium,,47,92.980001,2,0.685039,0.770115,0,21,0,0,23,0.001083,1,1081,0.051348,0.05
Tessaracoccus_aquimaris,Tessaracoccus,,47,92.980001,2,0.685039,0.770115,0,21,0,0,23,0.001083,1,1081,0.051348,0.32
Turicibacter_sanguinis,Turicibacter,,47,92.980001,2,0.685039,0.770115,0,21,0,0,23,0.001083,1,1081,0.051348,0.17
Spiroplasma_chrysopicola,Spiroplasma,,87,169.740004,1,1,1,0.000242,21,0,0,23,0.001822,0.668538,2501,0.094005,0.25
Kocuria_indica,Kocuria,,47,92.980001,2,0.685039,0.770115,0,21,0,0,23,0.001083,1,1081,0.051348,0.53
Corynebacterium_pseudopelargi,Corynebacterium,,87,169.740004,1,1,1,0.000242,21,0,0,23,0.001822,0.668538,2501,0.094005,13.72
Lachnoclostridium_phytofermentans,Lachnoclostridium,,47,92.980001,2,0.685039,0.770115,0,21,0,0,23,0.001083,1,1081,0.051348,0.47
Corynebacterium_choanis,Corynebacterium,,47,92.980001,2,0.685039,0.770115,0,21,0,0,23,0.001083,1,1081,0.051348,13.72
Sinomonas_atrocyanea,Sinomonas,,47,92.980001,2,0.685039,0.770115,0,21,0,0,23,0.001083,1,1081,0.051348,0.05
Ureibacillus_thermosphaericus,Ureibacillus,,47,92.980001,2,0.685039,0.770115,0,21,0,0,23,0.001083,1,1081,0.051348,0.02
Neomicrococcus_aestuarii,Neomicrococcus,,47,92.980001,2,0.685039,0.770115,0,21,0,0,23,0.001083,1,1081,0.051348,0.07
Lactobacillus_kunkeei,Lactobacillus,,47,92.980001,2,0.685039,0.770115,0,21,0,0,23,0.001083,1,1081,0.051348,2.19
Coriobacterium_glomerans,Coriobacterium,,47,92.980001,2,0.685039,0.770115,0,21,0,0,23,0.001083,1,1081,0.051348,0.14
Pedobacter_ginsengisoli,Pedobacter,,47,92.980001,2,0.685039,0.770115,0,21,0,0,23,0.001083,1,1081,0.051348,0.38
Corynebacterium_cystitidis,Corynebacterium,,47,92.980001,2,0.685039,0.770115,0,21,0,0,23,0.001083,1,1081,0.051348,13.72
Brachybacterium_avium,Brachybacterium,,87,169.740004,1,1,1,0.000242,21,0,0,23,0.001822,0.668538,2501,0.094005,0.29
Corynebacterium_sphenisci,Corynebacterium,,47,92.980001,2,0.685039,0.770115,0,21,0,0,23,0.001083,1,1081,0.051348,13.72
Lactobacillus_bombi,Lactobacillus,,87,169.740004,1,1,1,0.000242,21,0,0,23,0.001822,0.668538,2501,0.094005,2.19
Pediococcus_inopinatus,Pediococcus,,47,92.980001,2,0.685039,0.770115,0,21,0,0,23,0.001083,1,1081,0.051348,0.07
Gibbsiella_quercinecans,Gibbsiella,,47,92.980001,2,0.685039,0.770115,0,21,0,0,23,0.001083,1,1081,0.051348,0.06
Mycolicibacterium_insubricum,Mycolicibacterium,,47,92.980001,2,0.685039,0.770115,0,21,0,0,23,0.001083,1,1081,0.051348,0.12
Listeria_seeligeri,Listeria,,87,169.740004,1,1,1,0.000242,21,0,0,23,0.001822,0.668538,2501,0.094005,0.06
Pseudarthrobacter_chlorophenolicus,Pseudarthrobacter,,47,92.980001,2,0.685039,0.770115,0,21,0,0,23,0.001083,1,1081,0.051348,0.13
Enterococcus_gilvus,Enterococcus,,87,169.740004,1,1,1,0.000242,21,0,0,23,0.001822,0.668538,2501,0.094005,0.81
Neisseriaceae_bacterium,Neisseriaceae,,47,92.980001,2,0.685039,0.770115,0,21,0,0,23,0.001083,1,1081,0.051348,0.06
Verrucosispora_maris,Verrucosispora,,87,169.740004,1,1,1,0.000242,21,0,0,23,0.001822,0.668538,2501,0.094005,0.01
Streptomyces_antibioticus,Streptomyces,,47,92.980001,2,0.685039,0.770115,0,21,0,0,23,0.001083,1,1081,0.051348,0.06
Chlorobaculum_limnaeum,Chlorobaculum,,87,169.740004,1,1,1,0.000242,21,0,0,23,0.001822,0.668538,2501,0.094005,0.03
Amycolatopsis_methanolica,Amycolatopsis,,47,92.980001,2,0.685039,0.770115,0,21,0,0,23,0.001083,1,1081,0.051348,0.05
Nitrosococcus_watsonii,Nitrosococcus,,87,169.740004,1,1,1,0.000242,21,0,0,23,0.001822,0.668538,2501,0.094005,0.01
Bermanella_marisrubri,Bermanella,,47,92.980001,2,0.685039,0.770115,0,21,0,0,23,0.001083,1,1081,0.051348,0.02
Arcobacter_ellisii,Arcobacter,,87,169.740004,1,1,1,0.000242,21,0,0,23,0.001822,0.668538,2501,0.094005,0.12
Lactobacillus_mali,Lactobacillus,,87,169.740004,1,1,1,0.000242,21,0,0,23,0.001822,0.668538,2501,0.094005,2.19
Croceibacter_atlanticus,Croceibacter,,47,92.980001,2,0.685039,0.770115,0,21,0,0,23,0.001083,1,1081,0.051348,0.1
Hydrogenophaga_crassostreae,Hydrogenophaga,,87,169.740004,1,1,1,0.000242,21,0,0,23,0.001822,0.668538,2501,0.094005,0.01
Novibacillus_thermophilus,Novibacillus,,87,169.740004,1,1,1,0.000242,21,0,0,23,0.001822,0.668538,2501,0.094005,0.01
Spiroplasma_tabanidicola,Spiroplasma,,87,169.740004,1,1,1,0.000242,21,0,0,23,0.001822,0.668538,2501,0.094005,0.25
Pseudarthrobacter_sulfonivorans,Pseudarthrobacter,,87,169.740004,1,1,1,0.000242,21,0,0,23,0.001822,0.668538,2501,0.094005,0.13
Amycolatopsis_keratiniphila,Amycolatopsis,,47,92.980001,2,0.685039,0.770115,0,21,0,0,23,0.001083,1,1081,0.051348,0.05
Simplicispira_suum,Simplicispira,,87,169.740004,1,1,1,0.000242,21,0,0,23,0.001822,0.668538,2501,0.094005,0.01
Microbacterium_paludicola,Microbacterium,,47,92.980001,2,0.685039,0.770115,0,21,0,0,23,0.001083,1,1081,0.051348,0.74
Actinomyces_israelii,Actinomyces,,56,110.980001,2,0.737288,0.821839,0,21,0,0,23,0.001214,1,1540,0.067653,124.010002
Actinomyces_slackii,Actinomyces,,56,110.980001,2,0.737288,0.821839,0,21,0,0,23,0.001214,1,1540,0.067653,124.010002
Campylobacter_gracilis,Campylobacter,,56,110.980001,2,0.737288,0.821839,0,21,0,0,23,0.001214,1,1540,0.067653,11.91
Rothia_nasimurium,Rothia,,56,110.980001,2,0.737288,0.821839,0,21,0,0,23,0.001214,1,1540,0.067653,169.410004
Vagococcus_carniphilus,Vagococcus,,56,110.980001,2,0.737288,0.821839,0,21,0,0,23,0.001214,1,1540,0.067653,0.41
Erysipelothrix_larvae,Erysipelothrix,,56,110.980001,2,0.737288,0.821839,0,21,0,0,23,0.001214,1,1540,0.067653,0.41
Adlercreutzia_equolifaciens,Adlercreutzia,,56,110.980001,2,0.737288,0.821839,0,21,0,0,23,0.001214,1,1540,0.067653,0.25
Megamonas_funiformis,Megamonas,,56,110.980001,2,0.737288,0.821839,0,21,0,0,23,0.001214,1,1540,0.067653,0.57
Aerococcus_urinaehominis,Aerococcus,,56,110.980001,2,0.737288,0.821839,0,21,0,0,23,0.001214,1,1540,0.067653,0.66
Brachybacterium_saurashtrense,Brachybacterium,,56,110.980001,2,0.737288,0.821839,0,21,0,0,23,0.001214,1,1540,0.067653,0.29
Lactobacillus_amylophilus,Lactobacillus,,56,110.980001,2,0.737288,0.821839,0,21,0,0,23,0.001214,1,1540,0.067653,2.19
Dermatophilus_congolensis,Dermatophilus,,56,110.980001,2,0.737288,0.821839,0,21,0,0,23,0.001214,1,1540,0.067653,0.1
Clostridium_isatidis,Clostridium,,56,110.980001,2,0.737288,0.821839,0,21,0,0,23,0.001214,1,1540,0.067653,1.75
Devriesea_agamarum,Devriesea,,56,110.980001,2,0.737288,0.821839,0,21,0,0,23,0.001214,1,1540,0.067653,0.07
Dokdonia_donghaensis,Dokdonia,,56,110.980001,2,0.737288,0.821839,0,21,0,0,23,0.001214,1,1540,0.067653,0.09
Clostridium_intestinale,Clostridium,,56,110.980001,2,0.737288,0.821839,0,21,0,0,23,0.001214,1,1540,0.067653,1.75
Arthrobacter_citreus,Arthrobacter,,56,110.980001,2,0.737288,0.821839,0,21,0,0,23,0.001214,1,1540,0.067653,0.07
Campylobacter_geochelonis,Campylobacter,,56,110.980001,2,0.737288,0.821839,0,21,0,0,23,0.001214,1,1540,0.067653,11.91
Tessaracoccus_flavescens,Tessaracoccus,,56,110.980001,2,0.737288,0.821839,0,21,0,0,23,0.001214,1,1540,0.067653,0.32
Lactobacillus_graminis,Lactobacillus,,56,110.980001,2,0.737288,0.821839,0,21,0,0,23,0.001214,1,1540,0.067653,2.19
Fluviicola_taffensis,Fluviicola,,56,110.980001,2,0.737288,0.821839,0,21,0,0,23,0.001214,1,1540,0.067653,0.12
Lactobacillus_frumenti,Lactobacillus,,56,110.980001,2,0.737288,0.821839,0,21,0,0,23,0.001214,1,1540,0.067653,2.19
Corynebacterium_resistens,Corynebacterium,,56,110.980001,2,0.737288,0.821839,0,21,0,0,23,0.001214,1,1540,0.067653,13.72
Pseudarthrobacter_phenanthrenivorans,Pseudarthrobacter,,56,110.980001,2,0.737288,0.821839,0,21,0,0,23,0.001214,1,1540,0.067653,0.13
Jeotgalibacillus_malaysiensis,Jeotgalibacillus,,56,110.980001,2,0.737288,0.821839,0,21,0,0,23,0.001214,1,1540,0.067653,0.03
Pelosinus_fermentans,Pelosinus,,56,110.980001,2,0.737288,0.821839,0,21,0,0,23,0.001214,1,1540,0.067653,0.09
Gramella_salexigens,Gramella,,56,110.980001,2,0.737288,0.821839,0,21,0,0,23,0.001214,1,1540,0.067653,0.13
Corynebacterium_suranareeae,Corynebacterium,,56,110.980001,2,0.737288,0.821839,0,21,0,0,23,0.001214,1,1540,0.067653,13.72
Tessaracoccus_timonensis,Tessaracoccus,,56,110.980001,2,0.737288,0.821839,0,21,0,0,23,0.001214,1,1540,0.067653,0.32
Acidithiobacillus_ferrivorans,Acidithiobacillus,,56,110.980001,2,0.737288,0.821839,0,21,0,0,23,0.001214,1,1540,0.067653,0.07
Acidipropionibacterium_virtanenii,Acidipropionibacterium,,56,110.980001,2,0.737288,0.821839,0,21,0,0,23,0.001214,1,1540,0.067653,0.05
Desulfosporosinus_acidiphilus,Desulfosporosinus,,56,110.980001,2,0.737288,0.821839,0,21,0,0,23,0.001214,1,1540,0.067653,0.1
Microbacterium_testaceum,Microbacterium,,56,110.980001,2,0.737288,0.821839,0,21,0,0,23,0.001214,1,1540,0.067653,0.74
Saccharopolyspora_coralli,Saccharopolyspora,,56,110.980001,2,0.737288,0.821839,0,21,0,0,23,0.001214,1,1540,0.067653,0.05
Streptomyces_xiamenensis,Streptomyces,,56,110.980001,2,0.737288,0.821839,0,21,0,0,23,0.001214,1,1540,0.067653,0.06
Pseudothermotoga_thermarum,Pseudothermotoga,,56,110.980001,2,0.737288,0.821839,0,21,0,0,23,0.001214,1,1540,0.067653,0.04
Thermoanaerosceptrum_fracticalcis,Thermoanaerosceptrum,,56,110.980001,2,0.737288,0.821839,0,21,0,0,23,0.001214,1,1540,0.067653,0.11
Arsenophonus_nasoniae,Arsenophonus,,56,110.980001,2,0.737288,0.821839,0,21,0,0,23,0.001214,1,1540,0.067653,0.02
Prolixibacteraceae_bacterium,Prolixibacteraceae,,56,110.980001,2,0.737288,0.821839,0,21,0,0,23,0.001214,1,1540,0.067653,0.06
Gallibacterium_anatis,Gallibacterium,,56,110.980001,2,0.737288,0.821839,0,21,0,0,23,0.001214,1,1540,0.067653,0.04
Haemophilus_parainfluenzae,Haemophilus,,2,3.94,2,0.666667,0.75,0,22,0,0,10,0.001094,1,1,0.000211,23.92
Streptococcus_cristatus,Streptococcus,,2,3.94,2,0.666667,0.75,0,22,0,0,10,0.001094,1,1,0.000211,548
Streptococcus_mitis,Streptococcus,,7,13.88,2,0.733333,0.818182,0,23,0,0,24,0.001254,1,21,0.000913,548
Neisseria_zalophi,Neisseria,,11,21.400001,1,1,1,0.00004,23,0,0,24,0.00194,0.563636,31,0.00136,4.09
Brachybacterium_vulturis,Brachybacterium,,7,13.88,2,0.733333,0.818182,0,23,0,0,24,0.001254,1,21,0.000913,0.29
Thermosulfidibacter_takaii,Thermosulfidibacter,,7,13.88,2,0.733333,0.818182,0,23,0,0,24,0.001254,1,21,0.000913,0.07
Weissella_soli,Weissella,,7,13.88,2,0.733333,0.818182,0,23,0,0,24,0.001254,1,21,0.000913,0.15
Staphylococcus_lentus,Staphylococcus,,7,13.88,2,0.733333,0.818182,0,23,0,0,24,0.001254,1,21,0.000913,0.79
Pelodictyon_luteolum,Pelodictyon,,7,13.88,2,0.733333,0.818182,0,23,0,0,24,0.001254,1,21,0.000913,0.06
Arcobacter_aquimarinus,Arcobacter,,11,21.400001,1,1,1,0.00004,23,0,0,24,0.00194,0.563636,31,0.00136,0.12
Streptococcus_periodonticum,Streptococcus,,1,2,1,1,1,0,24,0,0,25,0.001285,0,0,0.000097,548
Agromyces_aureus,Agromyces,,1,2,1,1,1,0,24,0,0,25,0.001285,0,0,0.000097,0.06
Prevotella_dentalis,Prevotella,,4,7.94,1,1,1,0,25,0,0,26,0.001285,1,6,0.00044,1637.869995
Bacteroides_zoogleoformans,Bacteroides,,4,7.94,1,1,1,0,25,0,0,26,0.001285,1,6,0.00044,12.28
Eikenella_corrodens,Eikenella,,4,7.94,1,1,1,0,25,0,0,26,0.001285,1,6,0.00044,0.13
Finegoldia_magna,Finegoldia,,4,7.94,1,1,1,0,25,0,0,26,0.001285,1,6,0.00044,0.03
Clostridium_bornimense,Clostridium,,4,7.76,1,1,1,0,25,0,0,26,0.001285,1,6,0.00044,1.75
Porphyromonas_crevioricanis,Porphyromonas,,20,39.220001,2,0.884615,0.934783,0,26,0,0,27,0.001227,1,190,0.004593,15.87
Porphyromonas_cangingivalis,Porphyromonas,,20,39.220001,2,0.884615,0.934783,0,26,0,0,27,0.001227,1,190,0.004593,15.87
Cutibacterium_avidum,Cutibacterium,,20,39.220001,2,0.884615,0.934783,0,26,0,0,27,0.001227,1,190,0.004593,1.87
Neisseria_brasiliensis,Neisseria,,23,45.340001,1,1,1,0.000006,26,0,0,27,0.001393,0.905138,229,0.005139,4.09
Streptococcus_pluranimalium,Streptococcus,,20,39.220001,2,0.884615,0.934783,0,26,0,0,27,0.001227,1,190,0.004593,548
Butyrivibrio_proteoclasticus,Butyrivibrio,,23,45.340001,1,1,1,0.000006,26,0,0,27,0.001393,0.905138,229,0.005139,0.15
Salinivirga_cyanobacteriivorans,Salinivirga,,20,39.220001,2,0.884615,0.934783,0,26,0,0,27,0.001227,1,190,0.004593,0.12
Ilyobacter_polytropus,Ilyobacter,,23,45.340001,1,1,1,0.000006,26,0,0,27,0.001393,0.905138,229,0.005139,0.02
Caldisericum_exile,Caldisericum,,23,45.340001,1,1,1,0.000006,26,0,0,27,0.001393,0.905138,229,0.005139,0.07
Chlorobium_limicola,Chlorobium,,23,45.340001,1,1,1,0.000006,26,0,0,27,0.001393,0.905138,229,0.005139,0.03
Hymenobacter_jejuensis,Hymenobacter,,23,45.340001,1,1,1,0.000006,26,0,0,27,0.001393,0.905138,229,0.005139,0.32
Cellulosimicrobium_cellulans,Cellulosimicrobium,,20,39.220001,2,0.884615,0.934783,0,26,0,0,27,0.001227,1,190,0.004593,0.04
Ferrimonas_balearica,Ferrimonas,,23,45.340001,1,1,1,0.000006,26,0,0,27,0.001393,0.905138,229,0.005139,0.02
Lactobacillus_salivarius,Lactobacillus,,23,45.340001,1,1,1,0.000006,26,0,0,27,0.001393,0.905138,229,0.005139,2.19
Alistipes_communis,Alistipes,,20,39.220001,2,0.884615,0.934783,0,26,0,0,27,0.001227,1,190,0.004593,1.38
Treponema_primitia,Treponema,,20,39.220001,2,0.884615,0.934783,0,26,0,0,27,0.001227,1,190,0.004593,214.729996
Nonlabens_sediminis,Nonlabens,,23,45.340001,1,1,1,0.000006,26,0,0,27,0.001393,0.905138,229,0.005139,0.08
Thermobacillus_composti,Thermobacillus,,23,45.340001,1,1,1,0.000006,26,0,0,27,0.001393,0.905138,229,0.005139,0.01
Chlorobium_phaeobacteroides,Chlorobium,,23,45.340001,1,1,1,0.000006,26,0,0,27,0.001393,0.905138,229,0.005139,0.03
Terriglobus_roseus,Terriglobus,,23,45.340001,1,1,1,0.000006,26,0,0,27,0.001393,0.905138,229,0.005139,0.01
Phycisphaera_mikurensis,Phycisphaera,,23,45.340001,1,1,1,0.000006,26,0,0,27,0.001393,0.905138,229,0.005139,0.02
Rothia_dentocariosa,Rothia,,1,2,1,1,1,0,27,0,0,28,0.001285,0,0,0.000097,169.410004
Micrococcus_luteus,Micrococcus,,1,2,1,1,1,0,27,0,0,28,0.001285,0,0,0.000097,0.03
Rothia_aeria,Rothia,,10,19.94,2,0.692308,0.777778,0,28,0,0,6,0.001277,1,45,0.00146,169.410004
Treponema_pedis,Treponema,,10,19.94,2,0.692308,0.777778,0,28,0,0,6,0.001277,1,45,0.00146,214.729996
Treponema_brennaborense,Treponema,,10,19.94,2,0.692308,0.777778,0,28,0,0,6,0.001277,1,45,0.00146,214.729996
Peptoniphilus_ivorii,Peptoniphilus,,10,19.94,2,0.692308,0.777778,0,28,0,0,6,0.001277,1,45,0.00146,1.03
Dysosmobacter_welbionis,Dysosmobacter,,10,19.94,2,0.692308,0.777778,0,28,0,0,6,0.001277,1,45,0.00146,0.14
Hungateiclostridiaceae_bacterium,Hungateiclostridiaceae,,10,19.94,2,0.692308,0.777778,0,28,0,0,6,0.001277,1,45,0.00146,0.2
Saprospira_grandis,Saprospira,,10,19.94,2,0.692308,0.777778,0,28,0,0,6,0.001277,1,45,0.00146,0.06
Microbacterium_hominis,Microbacterium,,10,19.94,2,0.692308,0.777778,0,28,0,0,6,0.001277,1,45,0.00146,0.74
Acetobacterium_woodii,Acetobacterium,,10,19.94,2,0.692308,0.777778,0,28,0,0,6,0.001277,1,45,0.00146,0.06
Staphylospora_marina,Staphylospora,,10,19.94,2,0.692308,0.777778,0,28,0,0,6,0.001277,1,45,0.00146,0.1
Tannerella_forsythia,Tannerella,,2,3.94,2,0.75,0.833333,0,29,0,0,21,0.001264,1,1,0.000206,0.59
Clostridium,Clostridium,,2,3.94,2,0.75,0.833333,0,29,0,0,21,0.001264,1,1,0.000206,1.75
Corynebacterium_vitaeruminis,Corynebacterium,,16,31.82,2,0.785714,0.863636,0,11,0,0,12,0.001331,1,120,0.003019,13.72
Propionibacterium_australiense,Propionibacterium,,16,31.82,2,0.785714,0.863636,0,11,0,0,12,0.001331,1,120,0.003019,1.89
Xylanimonas_cellulosilytica,Xylanimonas,,16,31.82,2,0.785714,0.863636,0,11,0,0,12,0.001331,1,120,0.003019,0.1
Erysipelothrix_piscisicarius,Erysipelothrix,,16,31.82,2,0.785714,0.863636,0,11,0,0,12,0.001331,1,120,0.003019,0.41
Parascardovia_denticolens,Parascardovia,,16,31.82,2,0.785714,0.863636,0,11,0,0,12,0.001331,1,120,0.003019,0.13
Kocuria_flava,Kocuria,,16,31.82,2,0.785714,0.863636,0,11,0,0,12,0.001331,1,120,0.003019,0.53
Corynebacterium_lactis,Corynebacterium,,16,31.82,2,0.785714,0.863636,0,11,0,0,12,0.001331,1,120,0.003019,13.72
Corynebacterium_maris,Corynebacterium,,16,31.82,2,0.785714,0.863636,0,11,0,0,12,0.001331,1,120,0.003019,13.72
Tumebacillus_algifaecis,Tumebacillus,,16,31.82,2,0.785714,0.863636,0,11,0,0,12,0.001331,1,120,0.003019,0.17
Halarcobacter_ebronensis,Halarcobacter,,16,31.82,2,0.785714,0.863636,0,11,0,0,12,0.001331,1,120,0.003019,0.05
Liquorilactobacillus_nagelii,Liquorilactobacillus,,16,31.82,2,0.785714,0.863636,0,11,0,0,12,0.001331,1,120,0.003019,0.14
Lutibacter_profundi,Lutibacter,,16,31.82,2,0.785714,0.863636,0,11,0,0,12,0.001331,1,120,0.003019,0.02
Lactobacillus_apis,Lactobacillus,,16,31.82,2,0.785714,0.863636,0,11,0,0,12,0.001331,1,120,0.003019,2.19
Capnocytophaga_cynodegmi,Capnocytophaga,,16,31.82,2,0.785714,0.863636,0,11,0,0,12,0.001331,1,120,0.003019,9.13
Bradyrhizobium_elkanii,Bradyrhizobium,,5,9.82,2,0.777778,0.857143,0,30,0,0,29,0.001174,1,10,0.000602,0.48
Mycoplasma_hyosynoviae,Mycoplasma,,5,9.82,2,0.777778,0.857143,0,30,0,0,29,0.001174,1,10,0.000602,10.28
Sulfurihydrogenibium_azorense,Sulfurihydrogenibium,,7,13.7,1,1,1,0.000007,30,0,0,29,0.001598,0.714286,15,0.000815,0.07
Mycoplasma_neurolyticum,Mycoplasma,,7,13.7,1,1,1,0.000007,30,0,0,29,0.001598,0.714286,15,0.000815,10.28
Chryseobacterium_carnis,Chryseobacterium,,5,9.82,2,0.777778,0.857143,0,30,0,0,29,0.001174,1,10,0.000602,0.38
Mycoplasma_mobile,Mycoplasma,,7,13.7,1,1,1,0.000007,30,0,0,29,0.001598,0.714286,15,0.000815,10.28
Cutibacterium_granulosum,Cutibacterium,,3,5.94,2,0.8,0.875,0,31,0,0,30,0.00134,1,3,0.000321,1.87
Fervidobacterium_nodosum,Fervidobacterium,,4,7.76,1,1,1,0.00001,31,0,0,30,0.001826,0.5,3,0.000414,0.04
Campylobacter_showae,Campylobacter,,3,5.94,2,0.8,0.875,0,31,0,0,30,0.00134,1,3,0.000321,11.91
Staphylococcus_auricularis,Staphylococcus,,3,5.94,2,0.8,0.875,0,31,0,0,30,0.00134,1,3,0.000321,0.79
Coriobacteriaceae_bacterium,Coriobacteriaceae,,10,19.7,2,0.75,0.833333,0,5,0,0,4,0.001154,1,45,0.001558,0.83
Streptococcus_infantarius,Streptococcus,,10,19.7,2,0.75,0.833333,0,5,0,0,4,0.001154,1,45,0.001558,548
Vibrio_tritonius,Vibrio,,10,19.7,2,0.75,0.833333,0,5,0,0,4,0.001154,1,45,0.001558,0.08
Microbacterium_oleivorans,Microbacterium,,10,19.7,2,0.75,0.833333,0,5,0,0,4,0.001154,1,45,0.001558,0.74
Methanothrix_thermoacetophila,Methanothrix,,10,19.7,2,0.75,0.833333,0,5,0,0,4,0.001154,1,45,0.001558,0.15
Treponema_azotonutricium,Treponema,,10,19.7,2,0.75,0.833333,0,5,0,0,4,0.001154,1,45,0.001558,214.729996
Muribaculum_intestinale,Muribaculum,,18,35.76,2,0.621622,0.695652,0,8,0,0,8,0.001015,1,153,0.00473,0.62
Corynebacterium_argentoratense,Corynebacterium,,18,35.76,2,0.621622,0.695652,0,8,0,0,8,0.001015,1,153,0.00473,13.72
Bacteroidales_bacterium,Bacteroidales,,18,35.76,2,0.621622,0.695652,0,8,0,0,8,0.001015,1,153,0.00473,0.29
Massilistercora_timonensis,Massilistercora,,18,35.76,2,0.621622,0.695652,0,8,0,0,8,0.001015,1,153,0.00473,0.28
Entomoplasma_freundtii,Entomoplasma,,18,35.76,2,0.621622,0.695652,0,8,0,0,8,0.001015,1,153,0.00473,0.15
Oscillibacter_valericigenes,Oscillibacter,,18,35.76,2,0.621622,0.695652,0,8,0,0,8,0.001015,1,153,0.00473,0.29
Labilibaculum_antarcticum,Labilibaculum,,18,35.76,2,0.621622,0.695652,0,8,0,0,8,0.001015,1,153,0.00473,0.11
Dyadobacter_fermentans,Dyadobacter,,18,35.76,2,0.621622,0.695652,0,8,0,0,8,0.001015,1,153,0.00473,0.06
Clostridium_estertheticum,Clostridium,,18,35.76,2,0.621622,0.695652,0,8,0,0,8,0.001015,1,153,0.00473,1.75
Treponema_caldarium,Treponema,,18,35.76,2,0.621622,0.695652,0,8,0,0,8,0.001015,1,153,0.00473,214.729996
Halanaerobium_praevalens,Halanaerobium,,18,35.76,2,0.621622,0.695652,0,8,0,0,8,0.001015,1,153,0.00473,0.21
Thermovirga_lienii,Thermovirga,,18,35.76,2,0.621622,0.695652,0,8,0,0,8,0.001015,1,153,0.00473,0.07
Luteitalea_pratensis,Luteitalea,,18,35.76,2,0.621622,0.695652,0,8,0,0,8,0.001015,1,153,0.00473,0.03
Niastella_koreensis,Niastella,,18,35.76,2,0.621622,0.695652,0,8,0,0,8,0.001015,1,153,0.00473,0.01
Lacunisphaera_limnophila,Lacunisphaera,,18,35.76,2,0.621622,0.695652,0,8,0,0,8,0.001015,1,153,0.00473,0.03
Mycoplasma_struthionis,Mycoplasma,,6,12,1,1,1,0,32,0,0,31,0.001285,1,15,0.000718,10.28
Mycoplasma_phocidae,Mycoplasma,,6,12,1,1,1,0,32,0,0,31,0.001285,1,15,0.000718,10.28
Mycoplasma_canadense,Mycoplasma,,6,12,1,1,1,0,32,0,0,31,0.001285,1,15,0.000718,10.28
Mycoplasma_phocicerebrale,Mycoplasma,,6,12,1,1,1,0,32,0,0,31,0.001285,1,15,0.000718,10.28
Ruminococcus_albus,Ruminococcus,,6,12,1,1,1,0,32,0,0,31,0.001285,1,15,0.000718,0.27
Hungateiclostridium_saccincola,Hungateiclostridium,,6,12,1,1,1,0,32,0,0,31,0.001285,1,15,0.000718,0.48
Natranaerobius_thermophilus,Natranaerobius,,6,12,1,1,1,0,32,0,0,31,0.001285,1,15,0.000718,0.08
Campylobacter_concisus,Campylobacter,,1,2,1,1,1,0,33,0,0,32,0.001285,0,0,0.000097,11.91
Enterococcus_avium,Enterococcus,,1,2,1,1,1,0,33,0,0,32,0.001285,0,0,0.000097,0.81
Treponema_succinifaciens,Treponema,,15,29.220001,2,0.741935,0.826087,0,26,0,0,27,0.000972,1,105,0.003435,214.729996
Desulfallas_gibsoniae,Desulfallas,,15,29.220001,2,0.741935,0.826087,0,26,0,0,27,0.000972,1,105,0.003435,0.03
Petrotoga_mobilis,Petrotoga,,15,29.220001,2,0.741935,0.826087,0,26,0,0,27,0.000972,1,105,0.003435,0.07
Aminipila_butyrica,Aminipila,,1,2,1,1,1,0,34,0,0,33,0.001285,0,0,0.000097,1.09
Thermodesulfovibrio_yellowstonii,Thermodesulfovibrio,,1,2,1,1,1,0,34,0,0,33,0.001285,0,0,0.000097,0.07
Aurantimicrobium_minutum,Aurantimicrobium,,10,20,1,1,1,0,35,0,0,34,0.001285,1,45,0.001415,0
Rhodococcus_coprophilus,Rhodococcus,,10,20,1,1,1,0,35,0,0,34,0.001285,1,45,0.001415,0
Lactobacillus_malefermentans,Lactobacillus,,10,20,1,1,1,0,35,0,0,34,0.001285,1,45,0.001415,2.19
Lactobacillus_koreensis,Lactobacillus,,10,20,1,1,1,0,35,0,0,34,0.001285,1,45,0.001415,2.19
Lactobacillus_nenjiangensis,Lactobacillus,,10,20,1,1,1,0,35,0,0,34,0.001285,1,45,0.001415,2.19
Rhodobiaceae_bacterium,Rhodobiaceae,,10,20,1,1,1,0,35,0,0,34,0.001285,1,45,0.001415,0
Meiothermus_taiwanensis,Meiothermus,,10,20,1,1,1,0,35,0,0,34,0.001285,1,45,0.001415,0.04
Rathayibacter_iranicus,Rathayibacter,,10,20,1,1,1,0,35,0,0,34,0.001285,1,45,0.001415,0.02
Thermobifida_fusca,Thermobifida,,10,20,1,1,1,0,35,0,0,34,0.001285,1,45,0.001415,0
Bifidobacterium_indicum,Bifidobacterium,,10,20,1,1,1,0,35,0,0,34,0.001285,1,45,0.001415,0.48
Parvibaculum_lavamentivorans,Parvibaculum,,10,20,1,1,1,0,35,0,0,34,0.001285,1,45,0.001415,0
Campylobacter_hominis,Campylobacter,,1,2,1,1,1,0,36,0,0,35,0.001285,0,0,0.000097,11.91
Arcobacter_anaerophilus,Arcobacter,,1,2,1,1,1,0,36,0,0,35,0.001285,0,0,0.000097,0.12
Dermacoccus_nishinomiyaensis,Dermacoccus,,1,1.94,2,0.538462,0.571429,0,13,0,0,14,0.000398,0,0,0.000124,0.14
Prevotella_intermedia,Prevotella,,4,8,1,1,1,0,37,0,0,36,0.001285,1,6,0.00044,1637.869995
Streptococcus_pneumoniae,Streptococcus,,4,8,1,1,1,0,37,0,0,36,0.001285,1,6,0.00044,548
Fusobacterium_nucleatum,Fusobacterium,,4,8,1,1,1,0,37,0,0,36,0.001285,1,6,0.00044,3.2
Streptococcus_thermophilus,Streptococcus,,4,8,1,1,1,0,37,0,0,36,0.001285,1,6,0.00044,548
Bifidobacterium_longum,Bifidobacterium,,4,8,1,1,1,0,37,0,0,36,0.001285,1,6,0.00044,0.48
Erysipelatoclostridium_ramosum,Erysipelatoclostridium,,1,2,1,1,1,0,38,0,0,37,0.001285,0,0,0.000097,0.79
Capnocytophaga_stomatis,Capnocytophaga,,1,2,1,1,1,0,38,0,0,37,0.001285,0,0,0.000097,9.13
Acholeplasma_axanthum,Acholeplasma,,4,7.82,2,0.7,0.785714,0,30,0,0,29,0.000984,1,6,0.000482,0.83
Mesoplasma_chauliocola,Mesoplasma,,4,7.82,2,0.7,0.785714,0,30,0,0,29,0.000984,1,6,0.000482,0.08
Haemophilus_haemolyticus,Haemophilus,,1,2,1,1,1,0,39,0,0,38,0.001285,0,0,0.000097,23.92
Capnocytophaga_sputigena,Capnocytophaga,,1,2,1,1,1,0,39,0,0,38,0.001285,0,0,0.000097,9.13
Spiroplasma_gladiatoris,Spiroplasma,,5,9.88,2,0.647059,0.727273,0,23,0,0,24,0.001005,1,10,0.000633,0.25
Bradyrhizobium_betae,Bradyrhizobium,,5,9.88,2,0.647059,0.727273,0,23,0,0,24,0.001005,1,10,0.000633,0.48
Roseomonas_mucosa,Roseomonas,,5,9.88,2,0.647059,0.727273,0,23,0,0,24,0.001005,1,10,0.000633,0.08
Clostridium_carboxidivorans,Clostridium,,5,9.88,2,0.647059,0.727273,0,23,0,0,24,0.001005,1,10,0.000633,1.75
Staphylococcus_capitis,Staphylococcus,,7,13.94,2,0.733333,0.818182,0,9,0,0,9,0.001326,1,21,0.000893,0.79
Owenweeksia_hongkongensis,Owenweeksia,,7,13.94,2,0.733333,0.818182,0,9,0,0,9,0.001326,1,21,0.000893,0.1
Alkaliphilus_metalliredigens,Alkaliphilus,,7,13.94,2,0.733333,0.818182,0,9,0,0,9,0.001326,1,21,0.000893,0.45
Hathewaya_histolytica,Hathewaya,,7,13.94,2,0.733333,0.818182,0,9,0,0,9,0.001326,1,21,0.000893,0.07
Halanaerobium_hydrogeniformans,Halanaerobium,,7,13.94,2,0.733333,0.818182,0,9,0,0,9,0.001326,1,21,0.000893,0.21
Calditerrivibrio_nitroreducens,Calditerrivibrio,,7,13.94,2,0.733333,0.818182,0,9,0,0,9,0.001326,1,21,0.000893,0.06
Bacillus_methanolicus,Bacillus,,7,13.94,2,0.733333,0.818182,0,9,0,0,9,0.001326,1,21,0.000893,0.52
Bifidobacterium_scardovii,Bifidobacterium,,1,2,1,1,1,0,40,0,0,39,0.001285,0,0,0.000097,0.48
Ruminiclostridium_cellulolyticum,Ruminiclostridium,,1,2,1,1,1,0,40,0,0,39,0.001285,0,0,0.000097,0.16
Microbacterium_sediminis,Microbacterium,,1,1.94,2,0.571429,0.625,0,31,0,0,30,0.000581,0,0,0.00011,0.74
Serpentinomonas_raichei,Serpentinomonas,,11,22,1,1,1,0,41,0,0,40,0.001285,1,55,0.001623,0
Neisseria_chenwenguii,Neisseria,,11,22,1,1,1,0,41,0,0,40,0.001285,1,55,0.001623,4.09
Chlorobaculum_parvum,Chlorobaculum,,11,22,1,1,1,0,41,0,0,40,0.001285,1,55,0.001623,0.03
Corynebacterium_renale,Corynebacterium,,11,22,1,1,1,0,41,0,0,40,0.001285,1,55,0.001623,13.72
Turneriella_parva,Turneriella,,11,22,1,1,1,0,41,0,0,40,0.001285,1,55,0.001623,0
Herbaspirillum_huttiense,Herbaspirillum,,11,22,1,1,1,0,41,0,0,40,0.001285,1,55,0.001623,0
Altererythrobacter_marensis,Altererythrobacter,,11,22,1,1,1,0,41,0,0,40,0.001285,1,55,0.001623,0.06
Halomonas_aestuarii,Halomonas,,11,22,1,1,1,0,41,0,0,40,0.001285,1,55,0.001623,0
Mycoplasma_citelli,Mycoplasma,,11,22,1,1,1,0,41,0,0,40,0.001285,1,55,0.001623,10.28
Thiolapillus_brandeum,Thiolapillus,,11,22,1,1,1,0,41,0,0,40,0.001285,1,55,0.001623,0
Gardnerella_vaginalis,Gardnerella,,11,22,1,1,1,0,41,0,0,40,0.001285,1,55,0.001623,0
Mesoplasma_coleopterae,Mesoplasma,,11,22,1,1,1,0,41,0,0,40,0.001285,1,55,0.001623,0.08
Mycoplasma_gallopavonis,Mycoplasma,,4,8,1,1,1,0,42,0,0,41,0.001285,1,6,0.00044,10.28
Mycoplasma_pullorum,Mycoplasma,,4,8,1,1,1,0,42,0,0,41,0.001285,1,6,0.00044,10.28
Aliiarcobacter_faecis,Aliiarcobacter,,4,8,1,1,1,0,42,0,0,41,0.001285,1,6,0.00044,0
Acetobacter_senegalensis,Acetobacter,,4,8,1,1,1,0,42,0,0,41,0.001285,1,6,0.00044,0.02
Streptomyces_violaceoruber,Streptomyces,,4,8,1,1,1,0,42,0,0,41,0.001285,1,6,0.00044,0.06
Deinococcus_puniceus,Deinococcus,,3,6,1,1,1,0,43,0,0,42,0.001285,1,3,0.000317,0
Thioalkalivibrio_versutus,Thioalkalivibrio,,3,6,1,1,1,0,43,0,0,42,0.001285,1,3,0.000317,0
Mycolicibacterium_vaccae,Mycolicibacterium,,3,6,1,1,1,0,43,0,0,42,0.001285,1,3,0.000317,0.12
Persephonella_marina,Persephonella,,3,6,1,1,1,0,43,0,0,42,0.001285,1,3,0.000317,0
Microbacterium_aurum,Microbacterium,,4,7.94,2,0.590909,0.653846,0,12,0,0,13,0.000916,1,6,0.000486,0.74
Janibacter_melonis,Janibacter,,4,7.94,2,0.590909,0.653846,0,12,0,0,13,0.000916,1,6,0.000486,0.22
Dehalobacterium_formicoaceticum,Dehalobacterium,,4,7.94,2,0.590909,0.653846,0,12,0,0,13,0.000916,1,6,0.000486,0.07
Bacillus_dafuensis,Bacillus,,4,7.94,2,0.590909,0.653846,0,12,0,0,13,0.000916,1,6,0.000486,0.52
Syntrophobotulus_glycolicus,Syntrophobotulus,,2,3.94,2,0.55,0.590909,0,10,0,0,11,0.000585,1,1,0.000246,0.08
Hymenobacter_swuensis,Hymenobacter,,2,3.94,2,0.55,0.590909,0,10,0,0,11,0.000585,1,1,0.000246,0.32
Mahella_australiensis,Mahella,,3,5.88,1,1,1,0,44,0,0,43,0.001285,1,3,0.000317,0.22
Arthrobacter_agilis,Arthrobacter,,3,5.88,1,1,1,0,44,0,0,43,0.001285,1,3,0.000317,0.07
Spiribacter_curvatus,Spiribacter,,3,5.88,1,1,1,0,44,0,0,43,0.001285,1,3,0.000317,0.02
Thermosediminibacter_oceani,Thermosediminibacter,,3,5.88,1,1,1,0,44,0,0,43,0.001285,1,3,0.000317,0.11
Lachnospiraceae_bacterium,Lachnospiraceae,,1,1.94,1,1,1,0,45,0,0,44,0.001285,0,0,0.000097,0.09
Nitratifractor_salsuginis,Nitratifractor,,1,1.94,1,1,1,0,45,0,0,44,0.001285,0,0,0.000097,0.07
Butyrivibrio_hungatei,Butyrivibrio,,5,10,1,1,1,0,46,0,0,45,0.001285,1,10,0.000574,0.15
Halobacteriovorax_marinus,Halobacteriovorax,,5,10,1,1,1,0,46,0,0,45,0.001285,1,10,0.000574,0
Aerococcus_urinaeequi,Aerococcus,,5,10,1,1,1,0,46,0,0,45,0.001285,1,10,0.000574,0.66
Cyanobium_gracile,Cyanobium,,5,10,1,1,1,0,46,0,0,45,0.001285,1,10,0.000574,0
Thioalkalivibrio_paradoxus,Thioalkalivibrio,,5,10,1,1,1,0,46,0,0,45,0.001285,1,10,0.000574,0
Lawsonella_clevelandensis,Lawsonella,,5,10,1,1,1,0,46,0,0,45,0.001285,1,10,0.000574,0
Neobacillus_thermocopriae,Neobacillus,,1,2,1,1,1,0,47,0,0,46,0.001285,0,0,0.000097,0
Paracoccus_liaowanqingii,Paracoccus,,1,2,1,1,1,0,47,0,0,46,0.001285,0,0,0.000097,0
Aggregatibacter_aphrophilus,Aggregatibacter,,1,2,1,1,1,0,48,0,0,47,0.001285,0,0,0.000097,1.97
Actinobacteria_bacterium,Actinobacteria,,1,2,1,1,1,0,48,0,0,47,0.001285,0,0,0.000097,0
Celeribacter_marinus,Celeribacter,,7,14,1,1,1,0,49,0,0,48,0.001285,1,21,0.000874,0
Lactobacillus_fructivorans,Lactobacillus,,7,14,1,1,1,0,49,0,0,48,0.001285,1,21,0.000874,2.19
Marinobacter_salinus,Marinobacter,,7,14,1,1,1,0,49,0,0,48,0.001285,1,21,0.000874,0
Saccharophagus_degradans,Saccharophagus,,7,14,1,1,1,0,49,0,0,48,0.001285,1,21,0.000874,0
Desulfuromonas_soudanensis,Desulfuromonas,,7,14,1,1,1,0,49,0,0,48,0.001285,1,21,0.000874,0
Methanobacterium_lacus,Methanobacterium,,7,14,1,1,1,0,49,0,0,48,0.001285,1,21,0.000874,0
Bacillus_freudenreichii,Bacillus,,7,14,1,1,1,0,49,0,0,48,0.001285,1,21,0.000874,0.52
Raoultella_electrica,Raoultella,,7,14,1,1,1,0,49,0,0,48,0.001285,1,21,0.000874,0
Paenibacillus_cellulosilyticus,Paenibacillus,,1,2,1,1,1,0,50,0,0,49,0.001285,0,0,0.000097,0.44
Lactobacillus_alimentarius,Lactobacillus,,1,2,1,1,1,0,50,0,0,49,0.001285,0,0,0.000097,2.19
Polynucleobacter_duraquae,Polynucleobacter,,1,1.94,1,1,1,0,51,0,0,50,0.001285,0,0,0.000097,0.06
Pontibacter_korlensis,Pontibacter,,1,1.94,1,1,1,0,51,0,0,50,0.001285,0,0,0.000097,0.11
